local_name,local_capacity_mw,local_license_type,local_river,reason,candidate_count,candidate_names
Aayu Chhatigad Hydropower Project,13.942,Survey,Chatti Gad,no_exact_normalized_name,0,
Arung Khola,2.0,Survey,Arung,no_exact_normalized_name,0,
Balephi,23.52,Generation,Balephi,no_exact_normalized_name,0,
Balephi Cascade HPP,17.22,Survey,Balephi,no_exact_normalized_name,0,
Bhabil 1 Hydropower Project,13.86,Survey,Bhabil Khola,no_exact_normalized_name,0,
Bheri 4,300.0,Survey,Bheri,no_exact_normalized_name,0,
Bheri Nadi-8 (BR-8) HEP,125.0,Survey,Bheri,no_exact_normalized_name,0,
Bhotekoshi Khola Hydropower Project,33.5,Survey,Bhote Koshi,no_exact_normalized_name,0,
Bhurundi Khola Small HPP,4.73,Survey,Bhurundi Khola,no_exact_normalized_name,0,
Botekoshi 5 HYDROPOWER PROJECT,62.0,Survey,Bhotekoshi,no_exact_normalized_name,0,
Chisang Khola -A Small Hydropower Project,1.8,Survey,Chisang,no_exact_normalized_name,0,
Daraundi-1,10.0,Generation,Daraundi,no_exact_normalized_name,0,
Dhauligad Sunakhani Bagar SHP,0.99,Survey,Dhauligad,no_exact_normalized_name,0,
dobhan Khola HPP,16.0,Survey,Dobhan Khola,ambiguous_duplicate_normalized_name,2,Dobhan Khola HEP | Dobhan Khola Hydroelectric Project
Dudh Khola Dordi HPP,5.0,Survey,Dudh Khola,no_exact_normalized_name,0,
Dudh Khola Small HPP,5.0,Survey,Dudh Khola,no_exact_normalized_name,0,
Dudhkoshi 10 HEP,75.0,Survey,Dudhkoshi,no_exact_normalized_name,0,
Elun Khola,0.485,Survey,Elun Khola,no_exact_normalized_name,0,
Galkot Daram Hydroectric Project,5.0,Survey,Daram,no_exact_normalized_name,0,
Gapuche Madi Nadi HEP,24.0,Survey,Madi,no_exact_normalized_name,0,
Ghunsa Khola HPP,71.5,Survey,Ghunsa Khola,ambiguous_duplicate_normalized_name,4,Ghunsa Khola HEP | Ghunsa Khola HEP | Ghunsa Khola Hydropower Project | Ghunsa Khola
Ghunsa Khola HPP,155.82,Survey,Ghunsa khola,ambiguous_duplicate_normalized_name,4,Ghunsa Khola HEP | Ghunsa Khola HEP | Ghunsa Khola Hydropower Project | Ghunsa Khola
Ghunsa-Tamor HPP,43.0,Survey,Tamor,no_exact_normalized_name,0,
Gidi Khola HEP,9.0,Survey,Gidi,no_exact_normalized_name,0,
Gudrung Khola Small HPP,0.8,Survey,Gudrung Khola,no_exact_normalized_name,0,
Hewa Khola (Chainpur) HEP,2.5,Survey,Hewa Khola,no_exact_normalized_name,0,
Idi Khola SHP,0.975,Generation,Idi Khola,ambiguous_duplicate_normalized_name,2,Idi Khola SHP | Idi Khola SHP
Istul Khola HPP,1.506,Generation,Istul,no_exact_normalized_name,0,
Jeuli-Gad Cascade Hydroelectric Project,2.0,Survey,Jeuli Gad,no_exact_normalized_name,0,
Jhimruk Aglung HPP,1.5,Survey,Jhimruk,no_exact_normalized_name,0,
Jhyari Khola,2.0,Operation,Jhyari Khola,no_exact_normalized_name,0,
Jumdi Khola Small,1.75,Generation,Jumdi,no_exact_normalized_name,0,
Junbesi Small,0.964,Survey,Junbesi Khola,no_exact_normalized_name,0,
Kali Gandaki-Kowan,400.0,Generation,Kali Gandaki,no_exact_normalized_name,0,
Kaligandki Gorge,164.0,Survey,Kali Gandaki,no_exact_normalized_name,0,
Khani Khola Small HPP,0.979,Survey,Khani Khola,no_exact_normalized_name,0,
Khimrung HPP,9.4,Survey,Khimrung,no_exact_normalized_name,0,
Khimti Ghwang Khola Small HPP,9.8,Survey,Khimti Khola,no_exact_normalized_name,0,
Kingtang Khola Small HPP,4.0,Survey,Kingtang Khola,no_exact_normalized_name,0,
Kisedi KHola HEP,0.998,Survey,Kisedi Khola,ambiguous_duplicate_normalized_name,2,Kisedi Khola Hydropower Project | Kisedi Khola Hydropower Project
Kuwadi Khola Hydropower Project,9.6,Survey,Kuwadi,no_exact_normalized_name,0,
Kyadusyo Khola Small HEP,4.5,Survey,Kyadusyo,no_exact_normalized_name,0,
Ladku Khola Small HPP,2.4,Survey,Ladku Khola,no_exact_normalized_name,0,
Langdi Khola Small HPP,4.0,Survey,Langdi,no_exact_normalized_name,0,
Lantang Khola Reservoir Hydropower Project,310.0,Survey,Langtang,no_exact_normalized_name,0,
Lodo Khola Small HEP,1.73,Survey,Lodo Khola,no_exact_normalized_name,0,
Lomsa HEP,1.1,Survey,Dhamile- Ghatte,no_exact_normalized_name,0,
Lower Charnawati,6.4,Survey,Charnawati,no_exact_normalized_name,0,
Lower Dudkunda HPP,6.0,Survey,Dudh Kunda,no_exact_normalized_name,0,
Lower Iguwa Khola Hydro-Electric Project,6.9,Survey,Iwa Khola,no_exact_normalized_name,0,
Lower Jhyari Khola Small HPP,2.5,Survey,Jhyari Khola,no_exact_normalized_name,0,
Lower Modi-II Cascade HPP,10.5,Generation,Modi Khola,no_exact_normalized_name,0,
Lower Rukumgad HEP,5.25,Survey,Rukum gad,no_exact_normalized_name,0,
Lower Thulo Khola Hydropower Project,4.75,Survey,Thulo Khola,no_exact_normalized_name,0,
Ludee Khola SHP,0.75,Generation,Ludi,no_exact_normalized_name,0,
Lung Khola HPP,2.42,Survey,Lung Khola,no_exact_normalized_name,0,
Machhapuchhre Modi HEP,24.6,Survey,Modi,no_exact_normalized_name,0,
Madi-Bhorletar,10.0,Generation,Madi Khola,no_exact_normalized_name,0,
Manahari Khola HEP,9.258,Survey,Manhari,ambiguous_duplicate_normalized_name,2,Manahari Khola HEP | Manahari Khola HPP
Marshyangdi-7 Hydropower Project,54.0,Survey,Marsyangdi,no_exact_normalized_name,0,
Middle Budhiganga Hydropower Project,5.0,Survey,Budhi Ganga,no_exact_normalized_name,0,
Middle Hongukhola A Hydropower Project,22.0,Survey,Hongu Khola,no_exact_normalized_name,0,
MIddle Ingwa Khola Hydropower Project,15.0,Survey,Iwa Khola,no_exact_normalized_name,0,
Middle Mailung Hydropower Project,10.0,Survey,Mailung Khola,no_exact_normalized_name,0,
Middle Sunkoshi,3.4,Generation,Sun Koshi,no_exact_normalized_name,0,
Naugad HPP,9.5,Survey,Naugad,no_exact_normalized_name,0,
Nwa Gad,1.0,Generation,Nwa Gad,no_exact_normalized_name,0,
Nyache Khola Hydropower Project,8.76,Survey,Nyache Khola,no_exact_normalized_name,0,
Nyam Nyam,6.0,Generation,Nyam Nyam Khola,no_exact_normalized_name,0,
Parajuli Khola-1,2.15,Generation,Parajuli Khola,no_exact_normalized_name,0,
Phalakhu Khola HPP,5.0,Generation,Phalankhu Khola,ambiguous_duplicate_normalized_name,2,Phalakhu Khola HPP | Phalakhu Khola HPP
Rauje Khola HPP,4.99,Survey,Rauje Khola,ambiguous_duplicate_normalized_name,2,Rauje Khola HPP | Rauje Khola Hydropower Project
Rawa Khola HEP,3.5,Survey,Rawa,ambiguous_duplicate_normalized_name,3,Rawa Khola | Rawa Khola HPP | Rawa Khola HEP
Ribal Khola SHP,0.998,Survey,Ribal,no_exact_normalized_name,0,
Rigdi Khola Hydro Project,3.7,Survey,Rigdi,no_exact_normalized_name,0,
Rugrugad Small HEP,4.91,Survey,Rugru gad,no_exact_normalized_name,0,
Sabha Khola C HPP,4.2,Survey,Sabha Khola,no_exact_normalized_name,0,
Sani Bheri-2 HEP,23.31,Survey,Sani Bheri,no_exact_normalized_name,0,
Seti Khola HPP,30.0,Survey,Seti Khola,ambiguous_duplicate_normalized_name,3,Seti Khola HPP | Seti Khola HPP | Seti Khola HEP
Setikhola Hydroelectric Project,22.0,Survey,Seti Khola,no_exact_normalized_name,0,
Sisa Khola A Hydropower Project,2.8,Generation,Sisa,no_exact_normalized_name,0,
Supper Sabha Khola Small HPP,4.1,Survey,Sabha Khola,no_exact_normalized_name,0,
Syar Khola HPP,59.5,Survey,Syar,ambiguous_duplicate_normalized_name,2,Syar Khola Hydroelectric Project | Syar Khola Hydropower Project
Tallo Bagmati Small HPP,8.5,Survey,Bagmati,no_exact_normalized_name,0,
Tamakoshi 3,650.0,Survey,Tama Koshi,no_exact_normalized_name,0,
Tamakoshi- 9 HEP,24.46,Survey,Tamakoshi,no_exact_normalized_name,0,
Taman Khola,4.85,Generation,Taman,no_exact_normalized_name,0,
Tanchhahara SHP,2.4,Generation,Tangchhahara,no_exact_normalized_name,0,
Tawa Khola HPP,9.96,Survey,"Tawa Khola, Yamkha Khola, Siwa",no_exact_normalized_name,0,
thosne Khola Tokal Hydroelectric Project,0.922,Survey,Thosne,no_exact_normalized_name,0,
Thuli Bheri,121.0,Survey,Thuli Bheri,no_exact_normalized_name,0,
Thuligad Khola Small HEP,9.0,Survey,Thuli Gad,no_exact_normalized_name,0,
Tom Dogar HEP ( Budhi gandaki),43.52,Survey,Budhi Gandaki,no_exact_normalized_name,0,
Trishuli Galchhi,75.0,Generation,Trishuli,no_exact_normalized_name,0,
Upper Balefhi,46.0,Survey,Balephi,no_exact_normalized_name,0,
Upper Budhigandaki HEP,203.0,Survey,Budhi Gandaki,no_exact_normalized_name,0,
Upper Budhiganga B HPP,8.4,Survey,Budhi ganga,no_exact_normalized_name,0,
Upper Chirkuwa Khola,4.7,Generation,Chirkhuwa,no_exact_normalized_name,0,
Upper Gidi Khola HEP,3.3,Survey,Gidi,no_exact_normalized_name,0,
Upper Idi Khola SHP,0.85,Survey,Idi Khola,no_exact_normalized_name,0,
Upper Isuwa,24.3,Survey,Isuwa Khola,no_exact_normalized_name,0,
Upper Junbesi HPP,3.7,Survey,Junbeshi,no_exact_normalized_name,0,
Upper Kabeli HPP,22.9,Survey,Kabeli Khola,no_exact_normalized_name,0,
Upper Kabeli-2HPP,9.6,Survey,Kabeli Khola,no_exact_normalized_name,0,
upper Madame HPP,12.3,Survey,Madame Khola,no_exact_normalized_name,0,
Upper Mudi HEP,12.73,Survey,Mudi,no_exact_normalized_name,0,
Upper Nar Hydropower Project,31.77,Survey,Nar,no_exact_normalized_name,0,
Upper Pikhuwa HPP,2.0,Survey,Pikhuwa,no_exact_normalized_name,0,
Upper Rukum Gad HPP,4.73,Survey,"Rukum Gad(Lukum,Thaban,Kuchiba",no_exact_normalized_name,0,
Upper Siddhi khola HEP,3.86,Survey,Siddhi Khola,no_exact_normalized_name,0,
Upper Simbuwa Khola HPP,46.81,Survey,Simbuwa Khola,no_exact_normalized_name,0,
Upper Siwa Khola HPP,8.18,Survey,Siwa Khola,no_exact_normalized_name,0,
