slug,capacity_mw,record_kind,delivery_status,lifecycle_filled,lifecycle_total,lifecycle_pct,output_filled,output_total,output_pct,geography_filled,geography_total,geography_pct,provenance_filled,provenance_total,provenance_pct
solar-energy-lalitpur,0.68,operating-registry-record,operating-registry-listed,5,5,100.0,0,2,0.0,3,5,60.0,6,6,100.0
bishnu-priya-nawalparasi,1,operating-registry-record,operating-registry-listed,5,5,100.0,0,2,0.0,3,5,60.0,6,6,100.0
butwal-solar-ridi-8-5mwp,8.5,operating-registry-record,operating-registry-listed,5,5,100.0,0,2,0.0,3,5,60.0,6,6,100.0
nuwakot-block-1,5.1,operating-registry-record,operating-registry-listed,5,5,100.0,0,2,0.0,3,5,60.0,6,6,100.0
nuwakot-block-2,8.3,operating-registry-record,operating-registry-listed,5,5,100.0,0,2,0.0,3,5,60.0,6,6,100.0
bel-chautara-solar,5,operating-registry-record,operating-registry-listed,5,5,100.0,0,2,0.0,3,5,60.0,6,6,100.0
mithila-solar-dhanusha-10mwp,10,operating-registry-record,operating-registry-listed,5,5,100.0,0,2,0.0,3,5,60.0,6,6,100.0
som-radha-krishna,4.4,operating-registry-record,operating-registry-listed,5,5,100.0,0,2,0.0,3,5,60.0,6,6,100.0
pratappur-solar,5,operating-registry-record,operating-registry-listed,5,5,100.0,0,2,0.0,3,5,60.0,6,6,100.0
chandranigahpur-solar,4,operating-registry-record,operating-registry-listed,5,5,100.0,0,2,0.0,3,5,60.0,6,6,100.0
nuwakot-block-4,1.37,operating-registry-record,operating-registry-listed,5,5,100.0,0,2,0.0,3,5,60.0,6,6,100.0
dhalkebar-solar-3mw,3,operating-registry-record,operating-registry-listed,5,5,100.0,0,2,0.0,3,5,60.0,6,6,100.0
ramgram-solar,2,operating-registry-record,operating-registry-listed,5,5,100.0,0,2,0.0,3,5,60.0,6,6,100.0
morang-utility-solar,6.8,operating-registry-record,operating-registry-listed,5,5,100.0,0,2,0.0,3,5,60.0,6,6,100.0
banke-block-2,10,operating-registry-record,operating-registry-listed,5,5,100.0,0,2,0.0,3,5,60.0,6,6,100.0
raniyapur-block-1,10,operating-registry-record,operating-registry-listed,5,5,100.0,0,2,0.0,3,5,60.0,6,6,100.0
dhalkebar-solar-1mw,1,operating-registry-record,operating-registry-listed,5,5,100.0,0,2,0.0,3,5,60.0,6,6,100.0
simara-solar,1,operating-registry-record,operating-registry-listed,5,5,100.0,0,2,0.0,3,5,60.0,6,6,100.0
dharamnagar-solar,10,operating-registry-record,operating-registry-listed,5,5,100.0,0,2,0.0,3,5,60.0,6,6,100.0
nuwakot-grid-tied,3.09,operating-registry-record,operating-registry-listed,5,5,100.0,0,2,0.0,3,5,60.0,6,6,100.0
nuwakot-block-5,6.5,operating-registry-record,operating-registry-listed,5,5,100.0,0,2,0.0,3,5,60.0,6,6,100.0
shivasatakshi-jhapa,10,operating-registry-record,operating-registry-listed,5,5,100.0,0,2,0.0,3,5,60.0,6,6,100.0
jira-bhawani-sedawa,7.7,operating-registry-record,operating-registry-listed,5,5,100.0,0,2,0.0,3,5,60.0,6,6,100.0
dharamnagar-solar-ii,15,operating-registry-record,operating-registry-listed,5,5,100.0,0,2,0.0,3,5,60.0,6,6,100.0
ddb-saurya,2.3,operating-registry-record,operating-registry-listed,5,5,100.0,0,2,0.0,3,5,60.0,6,6,100.0
nea-960mw-loi-01,10,procurement-award-record,award-only-delivery-unknown,5,5,100.0,0,2,0.0,3,5,60.0,6,6,100.0
nea-960mw-loi-02,5,procurement-award-record,award-only-delivery-unknown,5,5,100.0,0,2,0.0,3,5,60.0,6,6,100.0
nea-960mw-loi-03,5,procurement-award-record,award-only-delivery-unknown,5,5,100.0,0,2,0.0,3,5,60.0,6,6,100.0
khungri-solar-hybrid-50mw,50,procurement-award-record,award-only-delivery-unknown,5,5,100.0,0,2,0.0,3,5,60.0,6,6,100.0
nea-960mw-loi-05,9.5,procurement-award-record,award-only-delivery-unknown,5,5,100.0,0,2,0.0,3,5,60.0,6,6,100.0
nea-960mw-loi-06,4.5,procurement-award-record,award-only-delivery-unknown,5,5,100.0,0,2,0.0,3,5,60.0,6,6,100.0
nea-960mw-loi-07,10,procurement-award-record,award-only-delivery-unknown,5,5,100.0,0,2,0.0,3,5,60.0,6,6,100.0
nea-960mw-loi-08,1,procurement-award-record,award-only-delivery-unknown,5,5,100.0,0,2,0.0,3,5,60.0,6,6,100.0
nea-960mw-loi-09,5,procurement-award-record,award-only-delivery-unknown,5,5,100.0,0,2,0.0,3,5,60.0,6,6,100.0
nea-960mw-loi-10,10,procurement-award-record,award-only-delivery-unknown,5,5,100.0,0,2,0.0,3,5,60.0,6,6,100.0
nea-960mw-loi-11,15,procurement-award-record,award-only-delivery-unknown,5,5,100.0,0,2,0.0,3,5,60.0,6,6,100.0
nea-960mw-loi-12,10,procurement-award-record,award-only-delivery-unknown,5,5,100.0,0,2,0.0,3,5,60.0,6,6,100.0
nea-960mw-loi-13,30,procurement-award-record,award-only-delivery-unknown,5,5,100.0,0,2,0.0,3,5,60.0,6,6,100.0
nea-960mw-loi-14,30,procurement-award-record,award-only-delivery-unknown,5,5,100.0,0,2,0.0,3,5,60.0,6,6,100.0
nea-960mw-loi-15,50,procurement-award-record,award-only-delivery-unknown,5,5,100.0,0,2,0.0,3,5,60.0,6,6,100.0
nea-960mw-loi-16,20,procurement-award-record,award-only-delivery-unknown,5,5,100.0,0,2,0.0,3,5,60.0,6,6,100.0
nea-960mw-loi-17,50,procurement-award-record,award-only-delivery-unknown,5,5,100.0,0,2,0.0,3,5,60.0,6,6,100.0
nea-960mw-loi-18,10,procurement-award-record,award-only-delivery-unknown,5,5,100.0,0,2,0.0,3,5,60.0,6,6,100.0
nea-960mw-loi-19,5,procurement-award-record,award-only-delivery-unknown,5,5,100.0,0,2,0.0,3,5,60.0,6,6,100.0
nea-960mw-loi-20,9.5,procurement-award-record,award-only-delivery-unknown,5,5,100.0,0,2,0.0,3,5,60.0,6,6,100.0
nea-960mw-loi-21,9.5,procurement-award-record,award-only-delivery-unknown,5,5,100.0,0,2,0.0,3,5,60.0,6,6,100.0
nea-960mw-loi-22,25,procurement-award-record,award-only-delivery-unknown,5,5,100.0,0,2,0.0,3,5,60.0,6,6,100.0
nea-960mw-loi-23,10,procurement-award-record,award-only-delivery-unknown,5,5,100.0,0,2,0.0,3,5,60.0,6,6,100.0
nea-960mw-loi-24,10,procurement-award-record,award-only-delivery-unknown,5,5,100.0,0,2,0.0,3,5,60.0,6,6,100.0
nea-960mw-loi-25,10,procurement-award-record,award-only-delivery-unknown,5,5,100.0,0,2,0.0,3,5,60.0,6,6,100.0
nea-960mw-loi-26,10,procurement-award-record,award-only-delivery-unknown,5,5,100.0,0,2,0.0,3,5,60.0,6,6,100.0
nea-960mw-loi-27,15,procurement-award-record,award-only-delivery-unknown,5,5,100.0,0,2,0.0,3,5,60.0,6,6,100.0
nea-960mw-loi-28,30,procurement-award-record,award-only-delivery-unknown,5,5,100.0,0,2,0.0,3,5,60.0,6,6,100.0
nea-960mw-loi-29,10,procurement-award-record,award-only-delivery-unknown,5,5,100.0,0,2,0.0,3,5,60.0,6,6,100.0
nea-960mw-loi-30,10,procurement-award-record,award-only-delivery-unknown,5,5,100.0,0,2,0.0,3,5,60.0,6,6,100.0
nea-960mw-loi-31,25,procurement-award-record,award-only-delivery-unknown,5,5,100.0,0,2,0.0,3,5,60.0,6,6,100.0
nea-960mw-loi-32,20,procurement-award-record,award-only-delivery-unknown,5,5,100.0,0,2,0.0,3,5,60.0,6,6,100.0
nea-960mw-loi-33,20,procurement-award-record,award-only-delivery-unknown,5,5,100.0,0,2,0.0,3,5,60.0,6,6,100.0
nea-960mw-loi-34,20,procurement-award-record,award-only-delivery-unknown,5,5,100.0,0,2,0.0,3,5,60.0,6,6,100.0
nea-960mw-loi-35,20,procurement-award-record,award-only-delivery-unknown,5,5,100.0,0,2,0.0,3,5,60.0,6,6,100.0
nea-960mw-loi-36,20,procurement-award-record,award-only-delivery-unknown,5,5,100.0,0,2,0.0,3,5,60.0,6,6,100.0
nea-960mw-loi-37,20,procurement-award-record,award-only-delivery-unknown,5,5,100.0,0,2,0.0,3,5,60.0,6,6,100.0
nea-960mw-loi-38,10,procurement-award-record,award-only-delivery-unknown,5,5,100.0,0,2,0.0,3,5,60.0,6,6,100.0
nea-960mw-loi-39,10,procurement-award-record,award-only-delivery-unknown,5,5,100.0,0,2,0.0,3,5,60.0,6,6,100.0
nea-960mw-loi-40,10,procurement-award-record,award-only-delivery-unknown,5,5,100.0,0,2,0.0,3,5,60.0,6,6,100.0
nea-960mw-loi-41,10,procurement-award-record,award-only-delivery-unknown,5,5,100.0,0,2,0.0,3,5,60.0,6,6,100.0
nea-960mw-loi-42,10,procurement-award-record,award-only-delivery-unknown,5,5,100.0,0,2,0.0,3,5,60.0,6,6,100.0
nea-960mw-loi-43,10,procurement-award-record,award-only-delivery-unknown,5,5,100.0,0,2,0.0,3,5,60.0,6,6,100.0
nea-960mw-loi-44,10,procurement-award-record,award-only-delivery-unknown,5,5,100.0,0,2,0.0,3,5,60.0,6,6,100.0
nea-960mw-loi-45,10,procurement-award-record,award-only-delivery-unknown,5,5,100.0,0,2,0.0,3,5,60.0,6,6,100.0
nea-960mw-loi-46,10,procurement-award-record,award-only-delivery-unknown,5,5,100.0,0,2,0.0,3,5,60.0,6,6,100.0
nea-960mw-loi-47,10,procurement-award-record,award-only-delivery-unknown,5,5,100.0,0,2,0.0,3,5,60.0,6,6,100.0
nea-960mw-loi-48,10,procurement-award-record,award-only-delivery-unknown,5,5,100.0,0,2,0.0,3,5,60.0,6,6,100.0
nea-960mw-loi-49,5,procurement-award-record,award-only-delivery-unknown,5,5,100.0,0,2,0.0,3,5,60.0,6,6,100.0
nea-960mw-loi-50,40,procurement-award-record,award-only-delivery-unknown,5,5,100.0,0,2,0.0,3,5,60.0,6,6,100.0
nea-960mw-loi-51,30,procurement-award-record,award-only-delivery-unknown,5,5,100.0,0,2,0.0,3,5,60.0,6,6,100.0
nea-960mw-loi-52,20,procurement-award-record,award-only-delivery-unknown,5,5,100.0,0,2,0.0,3,5,60.0,6,6,100.0
nea-960mw-loi-53,25,procurement-award-record,award-only-delivery-unknown,5,5,100.0,0,2,0.0,3,5,60.0,6,6,100.0
nea-960mw-loi-54,10,procurement-award-record,award-only-delivery-unknown,5,5,100.0,0,2,0.0,3,5,60.0,6,6,100.0
nea-960mw-loi-55,5,procurement-award-record,award-only-delivery-unknown,5,5,100.0,0,2,0.0,3,5,60.0,6,6,100.0
nea-960mw-loi-56,15,procurement-award-record,award-only-delivery-unknown,5,5,100.0,0,2,0.0,3,5,60.0,6,6,100.0
nea-960mw-loi-57,9.5,procurement-award-record,award-only-delivery-unknown,5,5,100.0,0,2,0.0,3,5,60.0,6,6,100.0
nea-960mw-loi-58,9,procurement-award-record,award-only-delivery-unknown,5,5,100.0,0,2,0.0,3,5,60.0,6,6,100.0
nea-960mw-loi-59,9.5,procurement-award-record,award-only-delivery-unknown,5,5,100.0,0,2,0.0,3,5,60.0,6,6,100.0
nea-960mw-loi-60,10,procurement-award-record,award-only-delivery-unknown,5,5,100.0,0,2,0.0,3,5,60.0,6,6,100.0
nea-960mw-loi-61,10,procurement-award-record,award-only-delivery-unknown,5,5,100.0,0,2,0.0,3,5,60.0,6,6,100.0
nea-960mw-loi-62,20,procurement-award-record,award-only-delivery-unknown,5,5,100.0,0,2,0.0,3,5,60.0,6,6,100.0
nea-960mw-loi-63,8,procurement-award-record,award-only-delivery-unknown,5,5,100.0,0,2,0.0,3,5,60.0,6,6,100.0
