slug,feature_id,label_title,project_group_slug,status,procurement_stage,is_operating,capacity_mwp,capacity_mw,tariff_npr_kwh,expected_annual_generation_gwh,district,province,substation,resource_zone,siting_archetype,owner,bidder,developer_type,precision_label,location_basis,confidence,source_note,source_slug,last_updated,record_kind,record_scope,delivery_status,regulatory_stage,status_as_of,operating_status,capacity_basis,expected_generation_basis,latitude,longitude,municipality,coordinate_precision,geography_verification_status,source_type,source_date,verified_on,evidence_scope,verification_status,delivery_verification_note
solar-energy-lalitpur,solar_energy_lalitpur,Solar Energy,,operating,commissioned,TRUE,0.68,0.68,,,Lalitpur,,,,,Kathmandu Upatyaka Khanepani Byawasthapan Board,,public-utility,municipality anchor,DoED table has zero coordinates; municipality anchor at Bungamati/Lalitpur,low,"DoED Power Plants :: Solar table, updated Jan 9 2026",doed-solar-power-plants-table,2026-05-07,operating-registry-record,grid-connected-project-or-award-row,operating-registry-listed,operation-registry,2026-01-09,official-registry-listed-operating,source-reported-mw-ac-dc-unspecified,not-published-in-source,27.62,85.3,,municipality anchor,display-anchor-only,official-registry,2026-01-09,2026-07-19,operating-registry-listing,primary-registry-checked,Listed as operating in the DoED source snapshot; no plant-output series is included.
bishnu-priya-nawalparasi,bishnu_priya_solar,Bishnu Priya Solar Farm Project,,operating,commissioned,TRUE,1,1,,,Nawalparasi,,,,,Surya Power Company P. Ltd.,,IPP,DoED coordinate midpoint,DoED operating solar table coordinate midpoint,high,"DoED Power Plants :: Solar table, updated Jan 9 2026",doed-solar-power-plants-table,2026-05-07,operating-registry-record,grid-connected-project-or-award-row,operating-registry-listed,operation-registry,2026-01-09,official-registry-listed-operating,source-reported-mw-ac-dc-unspecified,not-published-in-source,27.5556,83.6869,,DoED coordinate midpoint,display-anchor-only,official-registry,2026-01-09,2026-07-19,operating-registry-listing,primary-registry-checked,Listed as operating in the DoED source snapshot; no plant-output series is included.
butwal-solar-ridi-8-5mwp,butwal_solar,"Grid-Connected Solar Power Project, Butwal 33 kV S/S",,operating,commissioned,TRUE,8.5,8.5,,,Rupandehi,,,,,Ridi Power Company Ltd.,,IPP,DoED coordinate midpoint,DoED operating solar table coordinate midpoint,high,"DoED Power Plants :: Solar table, updated Jan 9 2026",doed-solar-power-plants-table,2026-05-07,operating-registry-record,grid-connected-project-or-award-row,operating-registry-listed,operation-registry,2026-01-09,official-registry-listed-operating,source-reported-mw-ac-dc-unspecified,not-published-in-source,27.6319,83.4539,,DoED coordinate midpoint,display-anchor-only,official-registry,2026-01-09,2026-07-19,operating-registry-listing,primary-registry-checked,Listed as operating in the DoED source snapshot; no plant-output series is included.
nuwakot-block-1,nuwakot_block_1,Block No 1 Solar Farms Project,bidur-trishuli-solar-25mwp,operating,commissioned,TRUE,5.1,5.1,,,Nuwakot,,,,,Nepal Electricity Authority,,NEA,DoED coordinate midpoint,DoED operating solar table coordinate midpoint,high,"DoED Power Plants :: Solar table, updated Jan 9 2026",doed-solar-power-plants-table,2026-05-07,operating-registry-record,grid-connected-project-or-award-row,operating-registry-listed,operation-registry,2026-01-09,official-registry-listed-operating,source-reported-mw-ac-dc-unspecified,not-published-in-source,27.8837,85.1261,,DoED coordinate midpoint,display-anchor-only,official-registry,2026-01-09,2026-07-19,operating-registry-listing,primary-registry-checked,Listed as operating in the DoED source snapshot; no plant-output series is included.
nuwakot-block-2,nuwakot_block_2,Block No 2 Solar Farms Project,bidur-trishuli-solar-25mwp,operating,commissioned,TRUE,8.3,8.3,,,Nuwakot,,,,,Nepal Electricity Authority,,NEA,DoED coordinate midpoint,DoED operating solar table coordinate midpoint,high,"DoED Power Plants :: Solar table, updated Jan 9 2026",doed-solar-power-plants-table,2026-05-07,operating-registry-record,grid-connected-project-or-award-row,operating-registry-listed,operation-registry,2026-01-09,official-registry-listed-operating,source-reported-mw-ac-dc-unspecified,not-published-in-source,27.8928,85.1393,,DoED coordinate midpoint,display-anchor-only,official-registry,2026-01-09,2026-07-19,operating-registry-listing,primary-registry-checked,Listed as operating in the DoED source snapshot; no plant-output series is included.
bel-chautara-solar,bel_chautara_solar,Bel Chautara Solar Farm Project,,operating,commissioned,TRUE,5,5,,,Tanahu,,,,,Solar Farm Pvt. Ltd.,,IPP,DoED coordinate midpoint,DoED operating solar table coordinate midpoint,high,"DoED Power Plants :: Solar table, updated Jan 9 2026",doed-solar-power-plants-table,2026-05-07,operating-registry-record,grid-connected-project-or-award-row,operating-registry-listed,operation-registry,2026-01-09,official-registry-listed-operating,source-reported-mw-ac-dc-unspecified,not-published-in-source,28.0328,84.0828,,DoED coordinate midpoint,display-anchor-only,official-registry,2026-01-09,2026-07-19,operating-registry-listing,primary-registry-checked,Listed as operating in the DoED source snapshot; no plant-output series is included.
mithila-solar-dhanusha-10mwp,mithila_solar,"Mithila Solar PV Power Project, Dhanusa",,operating,commissioned,TRUE,10,10,,,Dhanusha,,,,,Eco Power Development Pvt. Ltd.,,IPP,DoED coordinate midpoint,DoED operating solar table coordinate midpoint,high,"DoED Power Plants :: Solar table, updated Jan 9 2026",doed-solar-power-plants-table,2026-05-07,operating-registry-record,grid-connected-project-or-award-row,operating-registry-listed,operation-registry,2026-01-09,official-registry-listed-operating,source-reported-mw-ac-dc-unspecified,not-published-in-source,26.9361,85.9431,,DoED coordinate midpoint,display-anchor-only,official-registry,2026-01-09,2026-07-19,operating-registry-listing,primary-registry-checked,Listed as operating in the DoED source snapshot; no plant-output series is included.
som-radha-krishna,som_radha_krishna,Som Radha Krishna Solar Farm Project,,operating,commissioned,TRUE,4.4,4.4,,,Kaski,,,,,Nepal Solar Farm Ltd.,,IPP,DoED coordinate midpoint,DoED operating solar table coordinate midpoint,high,"DoED Power Plants :: Solar table, updated Jan 9 2026",doed-solar-power-plants-table,2026-05-07,operating-registry-record,grid-connected-project-or-award-row,operating-registry-listed,operation-registry,2026-01-09,official-registry-listed-operating,source-reported-mw-ac-dc-unspecified,not-published-in-source,28.1496,84.1297,,DoED coordinate midpoint,display-anchor-only,official-registry,2026-01-09,2026-07-19,operating-registry-listing,primary-registry-checked,Listed as operating in the DoED source snapshot; no plant-output series is included.
pratappur-solar,pratappur_solar,Solar PV Pratappur,,operating,commissioned,TRUE,5,5,,,Nawalparasi,,,,,National Solar Power Company Pvt. Ltd.,,IPP,DoED coordinate midpoint,DoED operating solar table coordinate midpoint,high,"DoED Power Plants :: Solar table, updated Jan 9 2026",doed-solar-power-plants-table,2026-05-07,operating-registry-record,grid-connected-project-or-award-row,operating-registry-listed,operation-registry,2026-01-09,official-registry-listed-operating,source-reported-mw-ac-dc-unspecified,not-published-in-source,27.4144,83.8133,,DoED coordinate midpoint,display-anchor-only,official-registry,2026-01-09,2026-07-19,operating-registry-listing,primary-registry-checked,Listed as operating in the DoED source snapshot; no plant-output series is included.
chandranigahpur-solar,chandranigahpur_solar,Chandranigahpur Solar Project,,operating,commissioned,TRUE,4,4,,,Rautahat,,,,,Api Power Company Pvt. Ltd.,,IPP,DoED coordinate midpoint,DoED operating solar table coordinate midpoint,high,"DoED Power Plants :: Solar table, updated Jan 9 2026",doed-solar-power-plants-table,2026-05-07,operating-registry-record,grid-connected-project-or-award-row,operating-registry-listed,operation-registry,2026-01-09,official-registry-listed-operating,source-reported-mw-ac-dc-unspecified,not-published-in-source,27.1211,85.3744,,DoED coordinate midpoint,display-anchor-only,official-registry,2026-01-09,2026-07-19,operating-registry-listing,primary-registry-checked,Listed as operating in the DoED source snapshot; no plant-output series is included.
nuwakot-block-4,nuwakot_block_4,"Grid Connected Solar Project Block 4, Nuwakot",bidur-trishuli-solar-25mwp,operating,commissioned,TRUE,1.37,1.37,,,Nuwakot,,,,,Nepal Electricity Authority,,NEA,DoED coordinate midpoint,DoED operating solar table coordinate midpoint,high,"DoED Power Plants :: Solar table, updated Jan 9 2026",doed-solar-power-plants-table,2026-05-07,operating-registry-record,grid-connected-project-or-award-row,operating-registry-listed,operation-registry,2026-01-09,official-registry-listed-operating,source-reported-mw-ac-dc-unspecified,not-published-in-source,27.9099,85.1361,,DoED coordinate midpoint,display-anchor-only,official-registry,2026-01-09,2026-07-19,operating-registry-listing,primary-registry-checked,Listed as operating in the DoED source snapshot; no plant-output series is included.
dhalkebar-solar-3mw,dhalkebar_solar_3mw,"Grid-Connected Solar Power Project, Dhalkebar 33 kV S/S",,operating,commissioned,TRUE,3,3,,,Dhanusha,,,,,Sagarmatha Energy & Construction Pvt. Ltd.,,IPP,DoED coordinate midpoint,DoED operating solar table coordinate midpoint,high,"DoED Power Plants :: Solar table, updated Jan 9 2026",doed-solar-power-plants-table,2026-05-07,operating-registry-record,grid-connected-project-or-award-row,operating-registry-listed,operation-registry,2026-01-09,official-registry-listed-operating,source-reported-mw-ac-dc-unspecified,not-published-in-source,26.9329,85.9846,,DoED coordinate midpoint,display-anchor-only,official-registry,2026-01-09,2026-07-19,operating-registry-listing,primary-registry-checked,Listed as operating in the DoED source snapshot; no plant-output series is included.
ramgram-solar,ramgram_solar,"Grid Connected Solar PV Project, Ramgram",,operating,commissioned,TRUE,2,2,,,Nawalparasi,,,,,Saurya Bidhyut Power Pvt. Ltd.,,IPP,DoED coordinate midpoint,DoED operating solar table coordinate midpoint,high,"DoED Power Plants :: Solar table, updated Jan 9 2026",doed-solar-power-plants-table,2026-05-07,operating-registry-record,grid-connected-project-or-award-row,operating-registry-listed,operation-registry,2026-01-09,official-registry-listed-operating,source-reported-mw-ac-dc-unspecified,not-published-in-source,27.5549,83.6917,,DoED coordinate midpoint,display-anchor-only,official-registry,2026-01-09,2026-07-19,operating-registry-listing,primary-registry-checked,Listed as operating in the DoED source snapshot; no plant-output series is included.
morang-utility-solar,morang_utility_solar,"Utility Scale Solar PV, Grid Connected Solar Project, Morang",,operating,commissioned,TRUE,6.8,6.8,,,Morang,,,,,G I Solar Pvt. Ltd.,,IPP,DoED coordinate midpoint,DoED operating solar table coordinate midpoint,high,"DoED Power Plants :: Solar table, updated Jan 9 2026",doed-solar-power-plants-table,2026-05-07,operating-registry-record,grid-connected-project-or-award-row,operating-registry-listed,operation-registry,2026-01-09,official-registry-listed-operating,source-reported-mw-ac-dc-unspecified,not-published-in-source,26.5517,87.2913,,DoED coordinate midpoint,display-anchor-only,official-registry,2026-01-09,2026-07-19,operating-registry-listing,primary-registry-checked,Listed as operating in the DoED source snapshot; no plant-output series is included.
banke-block-2,banke_block_2,"Solar PV Project Banke, block-2",,operating,commissioned,TRUE,10,10,,,Banke,,,,,Pure Energy Ltd.,,IPP,DoED coordinate midpoint,DoED operating solar table coordinate midpoint,high,"DoED Power Plants :: Solar table, updated Jan 9 2026",doed-solar-power-plants-table,2026-05-07,operating-registry-record,grid-connected-project-or-award-row,operating-registry-listed,operation-registry,2026-01-09,official-registry-listed-operating,source-reported-mw-ac-dc-unspecified,not-published-in-source,28.1583,81.5833,,DoED coordinate midpoint,display-anchor-only,official-registry,2026-01-09,2026-07-19,operating-registry-listing,primary-registry-checked,Listed as operating in the DoED source snapshot; no plant-output series is included.
raniyapur-block-1,raniyapur_block_1,"Solar PV Project, Raniyapur, Block 1",,operating,commissioned,TRUE,10,10,,,Banke,,,,,Pure Energy Ltd.,,IPP,DoED coordinate midpoint,DoED operating solar table coordinate midpoint,high,"DoED Power Plants :: Solar table, updated Jan 9 2026",doed-solar-power-plants-table,2026-05-07,operating-registry-record,grid-connected-project-or-award-row,operating-registry-listed,operation-registry,2026-01-09,official-registry-listed-operating,source-reported-mw-ac-dc-unspecified,not-published-in-source,28.18,81.5927,,DoED coordinate midpoint,display-anchor-only,official-registry,2026-01-09,2026-07-19,operating-registry-listing,primary-registry-checked,Listed as operating in the DoED source snapshot; no plant-output series is included.
dhalkebar-solar-1mw,dhalkebar_solar_1mw,"Solar Power Project, Dhalkebar 11 kV S/S",,operating,commissioned,TRUE,1,1,,,Dhanusha,,,,,Api Power Company Ltd.,,IPP,DoED coordinate midpoint,DoED operating solar table coordinate midpoint,high,"DoED Power Plants :: Solar table, updated Jan 9 2026",doed-solar-power-plants-table,2026-05-07,operating-registry-record,grid-connected-project-or-award-row,operating-registry-listed,operation-registry,2026-01-09,official-registry-listed-operating,source-reported-mw-ac-dc-unspecified,not-published-in-source,26.9242,85.9464,,DoED coordinate midpoint,display-anchor-only,official-registry,2026-01-09,2026-07-19,operating-registry-listing,primary-registry-checked,Listed as operating in the DoED source snapshot; no plant-output series is included.
simara-solar,simara_solar,"Solar Power Project, Simara 11 kV S/S",,operating,commissioned,TRUE,1,1,,,Bara,,,,,Api Power Company Ltd.,,IPP,DoED coordinate midpoint,DoED operating solar table coordinate midpoint,high,"DoED Power Plants :: Solar table, updated Jan 9 2026",doed-solar-power-plants-table,2026-05-07,operating-registry-record,grid-connected-project-or-award-row,operating-registry-listed,operation-registry,2026-01-09,official-registry-listed-operating,source-reported-mw-ac-dc-unspecified,not-published-in-source,27.1507,85.0128,,DoED coordinate midpoint,display-anchor-only,official-registry,2026-01-09,2026-07-19,operating-registry-listing,primary-registry-checked,Listed as operating in the DoED source snapshot; no plant-output series is included.
dharamnagar-solar,dharamnagar_solar,Dharamnagar Solar Farm Project,,operating,commissioned,TRUE,10,10,,,Kapilbastu,,,,,Pashupati Renewables Ltd.,,IPP,DoED coordinate midpoint,DoED operating solar table coordinate midpoint,high,"DoED Power Plants :: Solar table, updated Jan 9 2026",doed-solar-power-plants-table,2026-05-07,operating-registry-record,grid-connected-project-or-award-row,operating-registry-listed,operation-registry,2026-01-09,official-registry-listed-operating,source-reported-mw-ac-dc-unspecified,not-published-in-source,27.6196,82.8487,,DoED coordinate midpoint,display-anchor-only,official-registry,2026-01-09,2026-07-19,operating-registry-listing,primary-registry-checked,Listed as operating in the DoED source snapshot; no plant-output series is included.
nuwakot-grid-tied,nuwakot_grid_tied,Grid Tied Solar Farm Project,bidur-trishuli-solar-25mwp,operating,commissioned,TRUE,3.09,3.09,,,Nuwakot,,,,,Nepal Electricity Authority,,NEA,DoED coordinate midpoint,DoED operating solar table coordinate midpoint,high,"DoED Power Plants :: Solar table, updated Jan 9 2026",doed-solar-power-plants-table,2026-05-07,operating-registry-record,grid-connected-project-or-award-row,operating-registry-listed,operation-registry,2026-01-09,official-registry-listed-operating,source-reported-mw-ac-dc-unspecified,not-published-in-source,27.887,85.1321,,DoED coordinate midpoint,display-anchor-only,official-registry,2026-01-09,2026-07-19,operating-registry-listing,primary-registry-checked,Listed as operating in the DoED source snapshot; no plant-output series is included.
nuwakot-block-5,nuwakot_block_5,Grid Tied Solar Farm Project Block No. 5,bidur-trishuli-solar-25mwp,operating,commissioned,TRUE,6.5,6.5,,,Nuwakot,,,,,Nepal Electricity Authority,,NEA,DoED coordinate midpoint,DoED operating solar table coordinate midpoint,high,"DoED Power Plants :: Solar table, updated Jan 9 2026",doed-solar-power-plants-table,2026-05-07,operating-registry-record,grid-connected-project-or-award-row,operating-registry-listed,operation-registry,2026-01-09,official-registry-listed-operating,source-reported-mw-ac-dc-unspecified,not-published-in-source,27.9049,85.1406,,DoED coordinate midpoint,display-anchor-only,official-registry,2026-01-09,2026-07-19,operating-registry-listing,primary-registry-checked,Listed as operating in the DoED source snapshot; no plant-output series is included.
shivasatakshi-jhapa,shivasatakshi_jhapa,"Grid Connected Solar Project, Shivasatakshi Jhapa",,operating,commissioned,TRUE,10,10,,,Jhapa,,,,,Jhapa Energy Limited,,IPP,DoED coordinate midpoint,DoED operating solar table coordinate midpoint,high,"DoED Power Plants :: Solar table, updated Jan 9 2026",doed-solar-power-plants-table,2026-05-07,operating-registry-record,grid-connected-project-or-award-row,operating-registry-listed,operation-registry,2026-01-09,official-registry-listed-operating,source-reported-mw-ac-dc-unspecified,not-published-in-source,26.5493,87.801,,DoED coordinate midpoint,display-anchor-only,official-registry,2026-01-09,2026-07-19,operating-registry-listing,primary-registry-checked,Listed as operating in the DoED source snapshot; no plant-output series is included.
jira-bhawani-sedawa,jira_bhawani_sedawa,Jira Bhawani Sedawa PV Project,,operating,commissioned,TRUE,7.7,7.7,,,Parsa,,,,,Tarai Solar Pvt. Ltd.,,IPP,DoED coordinate midpoint,DoED operating solar table coordinate midpoint,high,"DoED Power Plants :: Solar table, updated Jan 9 2026",doed-solar-power-plants-table,2026-05-07,operating-registry-record,grid-connected-project-or-award-row,operating-registry-listed,operation-registry,2026-01-09,official-registry-listed-operating,source-reported-mw-ac-dc-unspecified,not-published-in-source,27.2014,84.7269,,DoED coordinate midpoint,display-anchor-only,official-registry,2026-01-09,2026-07-19,operating-registry-listing,primary-registry-checked,Listed as operating in the DoED source snapshot; no plant-output series is included.
dharamnagar-solar-ii,dharamnagar_solar_ii,Dharamnagar Solar Farm Project - II Kapilbastu,,operating,commissioned,TRUE,15,15,,,Kapilbastu,,,,,Pashupati Renewables Private Limited,,IPP,DoED coordinate midpoint,DoED operating solar table coordinate midpoint,high,"DoED Power Plants :: Solar table, updated Jan 9 2026",doed-solar-power-plants-table,2026-05-07,operating-registry-record,grid-connected-project-or-award-row,operating-registry-listed,operation-registry,2026-01-09,official-registry-listed-operating,source-reported-mw-ac-dc-unspecified,not-published-in-source,27.622,82.8507,,DoED coordinate midpoint,display-anchor-only,official-registry,2026-01-09,2026-07-19,operating-registry-listing,primary-registry-checked,Listed as operating in the DoED source snapshot; no plant-output series is included.
ddb-saurya,ddb_saurya,DDB Saurya Vidyut Aayojana,,operating,commissioned,TRUE,2.3,2.3,,,Parsa,,,,,Tarai Energy Private Limited,,IPP,DoED coordinate midpoint,DoED operating solar table coordinate midpoint,high,"DoED Power Plants :: Solar table, updated Jan 9 2026",doed-solar-power-plants-table,2026-05-07,operating-registry-record,grid-connected-project-or-award-row,operating-registry-listed,operation-registry,2026-01-09,official-registry-listed-operating,source-reported-mw-ac-dc-unspecified,not-published-in-source,27.2036,84.7269,,DoED coordinate midpoint,display-anchor-only,official-registry,2026-01-09,2026-07-19,operating-registry-listing,primary-registry-checked,Listed as operating in the DoED source snapshot; no plant-output series is included.
nea-960mw-loi-01,nea_960mw_loi_01,Rakathum solar award,nea-960mw-solar-tender,planned,loi-awarded,FALSE,10,10,4.99,,Ramechhap,,Rakathum,,,,Annapurna Clean Energy Pvt Ltd,IPP,"District/substation anchor, not parcel coordinate",NEA LoI row geocoded to named district or substation anchor with jitter for display,low-medium,"NEA Notice of Intent to Award Solar Projects, Nov 11 2024 corrected Nov 12 2024",nea-solar-loi-2024,2026-05-07,procurement-award-record,grid-connected-project-or-award-row,award-only-delivery-unknown,letter-of-intent-award,2024-11-12,not-established-by-source,source-reported-mw-ac-dc-unspecified,not-published-in-source,27.384,86.03,,"District/substation anchor, not parcel coordinate",display-anchor-only,official-procurement-notice,2024-11-12,2026-07-19,award-event-only,primary-procurement-record-checked,"NEA LoI establishes an award only; PPA, financing, construction and operation are not established."
nea-960mw-loi-02,nea_960mw_loi_02,Sangutar solar award,nea-960mw-solar-tender,planned,loi-awarded,FALSE,5,5,5,,Ramechhap,,Sangutar,,,,Annapurna Clean Energy Pvt Ltd,IPP,"District/substation anchor, not parcel coordinate",NEA LoI row geocoded to named district or substation anchor with jitter for display,low-medium,"NEA Notice of Intent to Award Solar Projects, Nov 11 2024 corrected Nov 12 2024",nea-solar-loi-2024,2026-05-07,procurement-award-record,grid-connected-project-or-award-row,award-only-delivery-unknown,letter-of-intent-award,2024-11-12,not-established-by-source,source-reported-mw-ac-dc-unspecified,not-published-in-source,27.384,86.05499999999999,,"District/substation anchor, not parcel coordinate",display-anchor-only,official-procurement-notice,2024-11-12,2026-07-19,award-event-only,primary-procurement-record-checked,"NEA LoI establishes an award only; PPA, financing, construction and operation are not established."
nea-960mw-loi-03,nea_960mw_loi_03,Aurahi solar award,nea-960mw-solar-tender,planned,loi-awarded,FALSE,5,5,5.21,,Mahottari,,Aurahi,,,,Sun Light Renewable Energy Private Limited,IPP,"District/substation anchor, not parcel coordinate",NEA LoI row geocoded to named district or substation anchor with jitter for display,low-medium,"NEA Notice of Intent to Award Solar Projects, Nov 11 2024 corrected Nov 12 2024",nea-solar-loi-2024,2026-05-07,procurement-award-record,grid-connected-project-or-award-row,award-only-delivery-unknown,letter-of-intent-award,2024-11-12,not-established-by-source,source-reported-mw-ac-dc-unspecified,not-published-in-source,26.944,85.88,,"District/substation anchor, not parcel coordinate",display-anchor-only,official-procurement-notice,2024-11-12,2026-07-19,award-event-only,primary-procurement-record-checked,"NEA LoI establishes an award only; PPA, financing, construction and operation are not established."
khungri-solar-hybrid-50mw,nea_960mw_loi_04,Khungri solar award,nea-960mw-solar-tender,planned,loi-awarded,FALSE,50,50,5.21,,Rolpa,,Khungri,,,,Rapti Urja Pvt. Ltd.,IPP,"District/substation anchor, not parcel coordinate",NEA LoI row geocoded to named district or substation anchor with jitter for display,low-medium,"NEA Notice of Intent to Award Solar Projects, Nov 11 2024 corrected Nov 12 2024",nea-solar-loi-2024,2026-05-07,procurement-award-record,grid-connected-project-or-award-row,award-only-delivery-unknown,letter-of-intent-award,2024-11-12,not-established-by-source,source-reported-mw-ac-dc-unspecified,not-published-in-source,28.144,82.805,,"District/substation anchor, not parcel coordinate",display-anchor-only,official-procurement-notice,2024-11-12,2026-07-19,award-event-only,primary-procurement-record-checked,"NEA LoI establishes an award only; PPA, financing, construction and operation are not established."
nea-960mw-loi-05,nea_960mw_loi_05,Bardibas solar award,nea-960mw-solar-tender,planned,loi-awarded,FALSE,9.5,9.5,5.24,,Mahottari,,Bardibas,,,,Kushal Projects Nepal Pvt. Ltd.,IPP,"District/substation anchor, not parcel coordinate",NEA LoI row geocoded to named district or substation anchor with jitter for display,low-medium,"NEA Notice of Intent to Award Solar Projects, Nov 11 2024 corrected Nov 12 2024",nea-solar-loi-2024,2026-05-07,procurement-award-record,grid-connected-project-or-award-row,award-only-delivery-unknown,letter-of-intent-award,2024-11-12,not-established-by-source,source-reported-mw-ac-dc-unspecified,not-published-in-source,26.944,85.92999999999999,,"District/substation anchor, not parcel coordinate",display-anchor-only,official-procurement-notice,2024-11-12,2026-07-19,award-event-only,primary-procurement-record-checked,"NEA LoI establishes an award only; PPA, financing, construction and operation are not established."
nea-960mw-loi-06,nea_960mw_loi_06,Maulapur solar award,nea-960mw-solar-tender,planned,loi-awarded,FALSE,4.5,4.5,5.27,,Rautahat,,Maulapur,,,,Sun Light Renewable Energy Private Limited,IPP,"District/substation anchor, not parcel coordinate",NEA LoI row geocoded to named district or substation anchor with jitter for display,low-medium,"NEA Notice of Intent to Award Solar Projects, Nov 11 2024 corrected Nov 12 2024",nea-solar-loi-2024,2026-05-07,procurement-award-record,grid-connected-project-or-award-row,award-only-delivery-unknown,letter-of-intent-award,2024-11-12,not-established-by-source,source-reported-mw-ac-dc-unspecified,not-published-in-source,26.932,85.3,,"District/substation anchor, not parcel coordinate",display-anchor-only,official-procurement-notice,2024-11-12,2026-07-19,award-event-only,primary-procurement-record-checked,"NEA LoI establishes an award only; PPA, financing, construction and operation are not established."
nea-960mw-loi-07,nea_960mw_loi_07,Pokhariya solar award,nea-960mw-solar-tender,planned,loi-awarded,FALSE,10,10,5.28,,Parsa,,Pokhariya,,,,Methi Solar JV,IPP,"District/substation anchor, not parcel coordinate",NEA LoI row geocoded to named district or substation anchor with jitter for display,low-medium,"NEA Notice of Intent to Award Solar Projects, Nov 11 2024 corrected Nov 12 2024",nea-solar-loi-2024,2026-05-07,procurement-award-record,grid-connected-project-or-award-row,award-only-delivery-unknown,letter-of-intent-award,2024-11-12,not-established-by-source,source-reported-mw-ac-dc-unspecified,not-published-in-source,27.082,84.79499999999999,,"District/substation anchor, not parcel coordinate",display-anchor-only,official-procurement-notice,2024-11-12,2026-07-19,award-event-only,primary-procurement-record-checked,"NEA LoI establishes an award only; PPA, financing, construction and operation are not established."
nea-960mw-loi-08,nea_960mw_loi_08,Gadhawa solar award,nea-960mw-solar-tender,planned,loi-awarded,FALSE,1,1,5.3,,Dang,,Gadhawa,,,,J.B.N. Surya Urja Private Limited,IPP,"District/substation anchor, not parcel coordinate",NEA LoI row geocoded to named district or substation anchor with jitter for display,low-medium,"NEA Notice of Intent to Award Solar Projects, Nov 11 2024 corrected Nov 12 2024",nea-solar-loi-2024,2026-05-07,procurement-award-record,grid-connected-project-or-award-row,award-only-delivery-unknown,letter-of-intent-award,2024-11-12,not-established-by-source,source-reported-mw-ac-dc-unspecified,not-published-in-source,28.012,82.42,,"District/substation anchor, not parcel coordinate",display-anchor-only,official-procurement-notice,2024-11-12,2026-07-19,award-event-only,primary-procurement-record-checked,"NEA LoI establishes an award only; PPA, financing, construction and operation are not established."
nea-960mw-loi-09,nea_960mw_loi_09,Manpur solar award,nea-960mw-solar-tender,planned,loi-awarded,FALSE,5,5,5.31,,Rautahat,,Manpur,,,,Sun Light Renewable Energy Private Limited,IPP,"District/substation anchor, not parcel coordinate",NEA LoI row geocoded to named district or substation anchor with jitter for display,low-medium,"NEA Notice of Intent to Award Solar Projects, Nov 11 2024 corrected Nov 12 2024",nea-solar-loi-2024,2026-05-07,procurement-award-record,grid-connected-project-or-award-row,award-only-delivery-unknown,letter-of-intent-award,2024-11-12,not-established-by-source,source-reported-mw-ac-dc-unspecified,not-published-in-source,26.932,85.375,,"District/substation anchor, not parcel coordinate",display-anchor-only,official-procurement-notice,2024-11-12,2026-07-19,award-event-only,primary-procurement-record-checked,"NEA LoI establishes an award only; PPA, financing, construction and operation are not established."
nea-960mw-loi-10,nea_960mw_loi_10,Palpa/Batasa solar award,nea-960mw-solar-tender,planned,loi-awarded,FALSE,10,10,5.37,,Palpa,,Palpa/Batasa,,,,Bhusal Investment Pvt Ltd,IPP,"District/substation anchor, not parcel coordinate",NEA LoI row geocoded to named district or substation anchor with jitter for display,low-medium,"NEA Notice of Intent to Award Solar Projects, Nov 11 2024 corrected Nov 12 2024",nea-solar-loi-2024,2026-05-07,procurement-award-record,grid-connected-project-or-award-row,award-only-delivery-unknown,letter-of-intent-award,2024-11-12,not-established-by-source,source-reported-mw-ac-dc-unspecified,not-published-in-source,27.842,83.6,,"District/substation anchor, not parcel coordinate",display-anchor-only,official-procurement-notice,2024-11-12,2026-07-19,award-event-only,primary-procurement-record-checked,"NEA LoI establishes an award only; PPA, financing, construction and operation are not established."
nea-960mw-loi-11,nea_960mw_loi_11,Dhangadhi solar award,nea-960mw-solar-tender,planned,loi-awarded,FALSE,15,15,5.38,,Kailali,,Dhangadhi,,,,Golyan Power - Pure Energy JV,IPP,"District/substation anchor, not parcel coordinate",NEA LoI row geocoded to named district or substation anchor with jitter for display,low-medium,"NEA Notice of Intent to Award Solar Projects, Nov 11 2024 corrected Nov 12 2024",nea-solar-loi-2024,2026-05-07,procurement-award-record,grid-connected-project-or-award-row,award-only-delivery-unknown,letter-of-intent-award,2024-11-12,not-established-by-source,source-reported-mw-ac-dc-unspecified,not-published-in-source,28.7,80.55,,"District/substation anchor, not parcel coordinate",display-anchor-only,official-procurement-notice,2024-11-12,2026-07-19,award-event-only,primary-procurement-record-checked,"NEA LoI establishes an award only; PPA, financing, construction and operation are not established."
nea-960mw-loi-12,nea_960mw_loi_12,Kolabhi solar award,nea-960mw-solar-tender,planned,loi-awarded,FALSE,10,10,5.38,,Bara,,Kolabhi,,,,Methi Solar JV,IPP,"District/substation anchor, not parcel coordinate",NEA LoI row geocoded to named district or substation anchor with jitter for display,low-medium,"NEA Notice of Intent to Award Solar Projects, Nov 11 2024 corrected Nov 12 2024",nea-solar-loi-2024,2026-05-07,procurement-award-record,grid-connected-project-or-award-row,award-only-delivery-unknown,letter-of-intent-award,2024-11-12,not-established-by-source,source-reported-mw-ac-dc-unspecified,not-published-in-source,27.1,85.02499999999999,,"District/substation anchor, not parcel coordinate",display-anchor-only,official-procurement-notice,2024-11-12,2026-07-19,award-event-only,primary-procurement-record-checked,"NEA LoI establishes an award only; PPA, financing, construction and operation are not established."
nea-960mw-loi-13,nea_960mw_loi_13,New Nepalgunj solar award,nea-960mw-solar-tender,planned,loi-awarded,FALSE,30,30,5.38,,Banke,,New Nepalgunj,,,,Golyan Power - Pure Energy JV,IPP,"District/substation anchor, not parcel coordinate",NEA LoI row geocoded to named district or substation anchor with jitter for display,low-medium,"NEA Notice of Intent to Award Solar Projects, Nov 11 2024 corrected Nov 12 2024",nea-solar-loi-2024,2026-05-07,procurement-award-record,grid-connected-project-or-award-row,award-only-delivery-unknown,letter-of-intent-award,2024-11-12,not-established-by-source,source-reported-mw-ac-dc-unspecified,not-published-in-source,28.05,81.62,,"District/substation anchor, not parcel coordinate",display-anchor-only,official-procurement-notice,2024-11-12,2026-07-19,award-event-only,primary-procurement-record-checked,"NEA LoI establishes an award only; PPA, financing, construction and operation are not established."
nea-960mw-loi-14,nea_960mw_loi_14,Dhalkebar solar award,nea-960mw-solar-tender,planned,loi-awarded,FALSE,30,30,5.39,,Dhanusha,,Dhalkebar,,,,Asian Hydropower Ltd,IPP,"District/substation anchor, not parcel coordinate",NEA LoI row geocoded to named district or substation anchor with jitter for display,low-medium,"NEA Notice of Intent to Award Solar Projects, Nov 11 2024 corrected Nov 12 2024",nea-solar-loi-2024,2026-05-07,procurement-award-record,grid-connected-project-or-award-row,award-only-delivery-unknown,letter-of-intent-award,2024-11-12,not-established-by-source,source-reported-mw-ac-dc-unspecified,not-published-in-source,26.9,85.97500000000001,,"District/substation anchor, not parcel coordinate",display-anchor-only,official-procurement-notice,2024-11-12,2026-07-19,award-event-only,primary-procurement-record-checked,"NEA LoI establishes an award only; PPA, financing, construction and operation are not established."
nea-960mw-loi-15,nea_960mw_loi_15,Sunawal solar award,nea-960mw-solar-tender,planned,loi-awarded,FALSE,50,50,5.39,,Nawalparasi,,Sunawal,,,,Gogreen Energy Pvt. Ltd.,IPP,"District/substation anchor, not parcel coordinate",NEA LoI row geocoded to named district or substation anchor with jitter for display,low-medium,"NEA Notice of Intent to Award Solar Projects, Nov 11 2024 corrected Nov 12 2024",nea-solar-loi-2024,2026-05-07,procurement-award-record,grid-connected-project-or-award-row,award-only-delivery-unknown,letter-of-intent-award,2024-11-12,not-established-by-source,source-reported-mw-ac-dc-unspecified,not-published-in-source,27.55,83.78,,"District/substation anchor, not parcel coordinate",display-anchor-only,official-procurement-notice,2024-11-12,2026-07-19,award-event-only,primary-procurement-record-checked,"NEA LoI establishes an award only; PPA, financing, construction and operation are not established."
nea-960mw-loi-16,nea_960mw_loi_16,Dhalkebar solar award,nea-960mw-solar-tender,planned,loi-awarded,FALSE,20,20,5.4,,Dhanusha,,Dhalkebar,,,,Terra Sol Energy Company Private Limited,IPP,"District/substation anchor, not parcel coordinate",NEA LoI row geocoded to named district or substation anchor with jitter for display,low-medium,"NEA Notice of Intent to Award Solar Projects, Nov 11 2024 corrected Nov 12 2024",nea-solar-loi-2024,2026-05-07,procurement-award-record,grid-connected-project-or-award-row,award-only-delivery-unknown,letter-of-intent-award,2024-11-12,not-established-by-source,source-reported-mw-ac-dc-unspecified,not-published-in-source,26.918,85.9,,"District/substation anchor, not parcel coordinate",display-anchor-only,official-procurement-notice,2024-11-12,2026-07-19,award-event-only,primary-procurement-record-checked,"NEA LoI establishes an award only; PPA, financing, construction and operation are not established."
nea-960mw-loi-17,nea_960mw_loi_17,Kushaha solar award,nea-960mw-solar-tender,planned,loi-awarded,FALSE,50,50,5.4,,Sunsari,,Kushaha,,,,Solaeris Energy Private Limited,IPP,"District/substation anchor, not parcel coordinate",NEA LoI row geocoded to named district or substation anchor with jitter for display,low-medium,"NEA Notice of Intent to Award Solar Projects, Nov 11 2024 corrected Nov 12 2024",nea-solar-loi-2024,2026-05-07,procurement-award-record,grid-connected-project-or-award-row,award-only-delivery-unknown,letter-of-intent-award,2024-11-12,not-established-by-source,source-reported-mw-ac-dc-unspecified,not-published-in-source,26.668,87.13499999999999,,"District/substation anchor, not parcel coordinate",display-anchor-only,official-procurement-notice,2024-11-12,2026-07-19,award-event-only,primary-procurement-record-checked,"NEA LoI establishes an award only; PPA, financing, construction and operation are not established."
nea-960mw-loi-18,nea_960mw_loi_18,Syaule solar award,nea-960mw-solar-tender,planned,loi-awarded,FALSE,10,10,5.4,,Dadeldhura,,Syaule,,,,TDR-Natural Energy-Nature Energy,IPP,"District/substation anchor, not parcel coordinate",NEA LoI row geocoded to named district or substation anchor with jitter for display,low-medium,"NEA Notice of Intent to Award Solar Projects, Nov 11 2024 corrected Nov 12 2024",nea-solar-loi-2024,2026-05-07,procurement-award-record,grid-connected-project-or-award-row,award-only-delivery-unknown,letter-of-intent-award,2024-11-12,not-established-by-source,source-reported-mw-ac-dc-unspecified,not-published-in-source,29.318,80.58,,"District/substation anchor, not parcel coordinate",display-anchor-only,official-procurement-notice,2024-11-12,2026-07-19,award-event-only,primary-procurement-record-checked,"NEA LoI establishes an award only; PPA, financing, construction and operation are not established."
nea-960mw-loi-19,nea_960mw_loi_19,Aurahi solar award,nea-960mw-solar-tender,planned,loi-awarded,FALSE,5,5,5.41,,Mahottari,,Aurahi,,,,Eco Global Power Development Private Limited,IPP,"District/substation anchor, not parcel coordinate",NEA LoI row geocoded to named district or substation anchor with jitter for display,low-medium,"NEA Notice of Intent to Award Solar Projects, Nov 11 2024 corrected Nov 12 2024",nea-solar-loi-2024,2026-05-07,procurement-award-record,grid-connected-project-or-award-row,award-only-delivery-unknown,letter-of-intent-award,2024-11-12,not-established-by-source,source-reported-mw-ac-dc-unspecified,not-published-in-source,26.998,85.905,,"District/substation anchor, not parcel coordinate",display-anchor-only,official-procurement-notice,2024-11-12,2026-07-19,award-event-only,primary-procurement-record-checked,"NEA LoI establishes an award only; PPA, financing, construction and operation are not established."
nea-960mw-loi-20,nea_960mw_loi_20,Birendrabazzar solar award,nea-960mw-solar-tender,planned,loi-awarded,FALSE,9.5,9.5,5.41,,Dhanusha,,Birendrabazzar,,,,Eco Global Power Development Private Limited,IPP,"District/substation anchor, not parcel coordinate",NEA LoI row geocoded to named district or substation anchor with jitter for display,low-medium,"NEA Notice of Intent to Award Solar Projects, Nov 11 2024 corrected Nov 12 2024",nea-solar-loi-2024,2026-05-07,procurement-award-record,grid-connected-project-or-award-row,award-only-delivery-unknown,letter-of-intent-award,2024-11-12,not-established-by-source,source-reported-mw-ac-dc-unspecified,not-published-in-source,26.918,86,,"District/substation anchor, not parcel coordinate",display-anchor-only,official-procurement-notice,2024-11-12,2026-07-19,award-event-only,primary-procurement-record-checked,"NEA LoI establishes an award only; PPA, financing, construction and operation are not established."
nea-960mw-loi-21,nea_960mw_loi_21,Dhanusha Dham solar award,nea-960mw-solar-tender,planned,loi-awarded,FALSE,9.5,9.5,5.41,,Dhanusha,,Dhanusha Dham,,,,Eco Global Power Development Private Limited,IPP,"District/substation anchor, not parcel coordinate",NEA LoI row geocoded to named district or substation anchor with jitter for display,low-medium,"NEA Notice of Intent to Award Solar Projects, Nov 11 2024 corrected Nov 12 2024",nea-solar-loi-2024,2026-05-07,procurement-award-record,grid-connected-project-or-award-row,award-only-delivery-unknown,letter-of-intent-award,2024-11-12,not-established-by-source,source-reported-mw-ac-dc-unspecified,not-published-in-source,26.936,85.9,,"District/substation anchor, not parcel coordinate",display-anchor-only,official-procurement-notice,2024-11-12,2026-07-19,award-event-only,primary-procurement-record-checked,"NEA LoI establishes an award only; PPA, financing, construction and operation are not established."
nea-960mw-loi-22,nea_960mw_loi_22,Bhurigaon solar award,nea-960mw-solar-tender,planned,loi-awarded,FALSE,25,25,5.42,,Bardiya,,Bhurigaon,,,,Golyan Power - Pure Energy JV,IPP,"District/substation anchor, not parcel coordinate",NEA LoI row geocoded to named district or substation anchor with jitter for display,low-medium,"NEA Notice of Intent to Award Solar Projects, Nov 11 2024 corrected Nov 12 2024",nea-solar-loi-2024,2026-05-07,procurement-award-record,grid-connected-project-or-award-row,award-only-delivery-unknown,letter-of-intent-award,2024-11-12,not-established-by-source,source-reported-mw-ac-dc-unspecified,not-published-in-source,28.436,81.375,,"District/substation anchor, not parcel coordinate",display-anchor-only,official-procurement-notice,2024-11-12,2026-07-19,award-event-only,primary-procurement-record-checked,"NEA LoI establishes an award only; PPA, financing, construction and operation are not established."
nea-960mw-loi-23,nea_960mw_loi_23,Chanauta solar award,nea-960mw-solar-tender,planned,loi-awarded,FALSE,10,10,5.42,,Kapilvastu,,Chanauta,,,,Positive Energy Pvt. Ltd.,IPP,"District/substation anchor, not parcel coordinate",NEA LoI row geocoded to named district or substation anchor with jitter for display,low-medium,"NEA Notice of Intent to Award Solar Projects, Nov 11 2024 corrected Nov 12 2024",nea-solar-loi-2024,2026-05-07,procurement-award-record,grid-connected-project-or-award-row,award-only-delivery-unknown,letter-of-intent-award,2024-11-12,not-established-by-source,source-reported-mw-ac-dc-unspecified,not-published-in-source,27.656000000000002,82.9,,"District/substation anchor, not parcel coordinate",display-anchor-only,official-procurement-notice,2024-11-12,2026-07-19,award-event-only,primary-procurement-record-checked,"NEA LoI establishes an award only; PPA, financing, construction and operation are not established."
nea-960mw-loi-24,nea_960mw_loi_24,Chanauta solar award,nea-960mw-solar-tender,planned,loi-awarded,FALSE,10,10,5.42,,Kapilvastu,,Chanauta,,,,Positive Energy Pvt. Ltd.,IPP,"District/substation anchor, not parcel coordinate",NEA LoI row geocoded to named district or substation anchor with jitter for display,low-medium,"NEA Notice of Intent to Award Solar Projects, Nov 11 2024 corrected Nov 12 2024",nea-solar-loi-2024,2026-05-07,procurement-award-record,grid-connected-project-or-award-row,award-only-delivery-unknown,letter-of-intent-award,2024-11-12,not-established-by-source,source-reported-mw-ac-dc-unspecified,not-published-in-source,27.656000000000002,82.92500000000001,,"District/substation anchor, not parcel coordinate",display-anchor-only,official-procurement-notice,2024-11-12,2026-07-19,award-event-only,primary-procurement-record-checked,"NEA LoI establishes an award only; PPA, financing, construction and operation are not established."
nea-960mw-loi-25,nea_960mw_loi_25,Lahan solar award,nea-960mw-solar-tender,planned,loi-awarded,FALSE,10,10,5.42,,Siraha,,Lahan,,,,Helio Spark Energy Private Limited,IPP,"District/substation anchor, not parcel coordinate",NEA LoI row geocoded to named district or substation anchor with jitter for display,low-medium,"NEA Notice of Intent to Award Solar Projects, Nov 11 2024 corrected Nov 12 2024",nea-solar-loi-2024,2026-05-07,procurement-award-record,grid-connected-project-or-award-row,award-only-delivery-unknown,letter-of-intent-award,2024-11-12,not-established-by-source,source-reported-mw-ac-dc-unspecified,not-published-in-source,26.786,86.39999999999999,,"District/substation anchor, not parcel coordinate",display-anchor-only,official-procurement-notice,2024-11-12,2026-07-19,award-event-only,primary-procurement-record-checked,"NEA LoI establishes an award only; PPA, financing, construction and operation are not established."
nea-960mw-loi-26,nea_960mw_loi_26,Nawalpur solar award,nea-960mw-solar-tender,planned,loi-awarded,FALSE,10,10,5.42,,Sarlahi,,Nawalpur,,,,Helio Spark Energy Private Limited,IPP,"District/substation anchor, not parcel coordinate",NEA LoI row geocoded to named district or substation anchor with jitter for display,low-medium,"NEA Notice of Intent to Award Solar Projects, Nov 11 2024 corrected Nov 12 2024",nea-solar-loi-2024,2026-05-07,procurement-award-record,grid-connected-project-or-award-row,award-only-delivery-unknown,letter-of-intent-award,2024-11-12,not-established-by-source,source-reported-mw-ac-dc-unspecified,not-published-in-source,26.913999999999998,85.5,,"District/substation anchor, not parcel coordinate",display-anchor-only,official-procurement-notice,2024-11-12,2026-07-19,award-event-only,primary-procurement-record-checked,"NEA LoI establishes an award only; PPA, financing, construction and operation are not established."
nea-960mw-loi-27,nea_960mw_loi_27,New Butwal solar award,nea-960mw-solar-tender,planned,loi-awarded,FALSE,15,15,5.42,,Nawalparasi,,New Butwal,,,,Golyan Power - Pure Energy JV,IPP,"District/substation anchor, not parcel coordinate",NEA LoI row geocoded to named district or substation anchor with jitter for display,low-medium,"NEA Notice of Intent to Award Solar Projects, Nov 11 2024 corrected Nov 12 2024",nea-solar-loi-2024,2026-05-07,procurement-award-record,grid-connected-project-or-award-row,award-only-delivery-unknown,letter-of-intent-award,2024-11-12,not-established-by-source,source-reported-mw-ac-dc-unspecified,not-published-in-source,27.514,83.705,,"District/substation anchor, not parcel coordinate",display-anchor-only,official-procurement-notice,2024-11-12,2026-07-19,award-event-only,primary-procurement-record-checked,"NEA LoI establishes an award only; PPA, financing, construction and operation are not established."
nea-960mw-loi-28,nea_960mw_loi_28,Lamahi solar award,nea-960mw-solar-tender,planned,loi-awarded,FALSE,30,30,5.44,,Dang,,Lamahi,,,,Gogreen Energy Pvt. Ltd.,IPP,"District/substation anchor, not parcel coordinate",NEA LoI row geocoded to named district or substation anchor with jitter for display,low-medium,"NEA Notice of Intent to Award Solar Projects, Nov 11 2024 corrected Nov 12 2024",nea-solar-loi-2024,2026-05-07,procurement-award-record,grid-connected-project-or-award-row,award-only-delivery-unknown,letter-of-intent-award,2024-11-12,not-established-by-source,source-reported-mw-ac-dc-unspecified,not-published-in-source,27.994,82.42,,"District/substation anchor, not parcel coordinate",display-anchor-only,official-procurement-notice,2024-11-12,2026-07-19,award-event-only,primary-procurement-record-checked,"NEA LoI establishes an award only; PPA, financing, construction and operation are not established."
nea-960mw-loi-29,nea_960mw_loi_29,Nawalpur solar award,nea-960mw-solar-tender,planned,loi-awarded,FALSE,10,10,5.45,,Sarlahi,,Nawalpur,,,,Eco Gham Power Company Pvt. Ltd.,IPP,"District/substation anchor, not parcel coordinate",NEA LoI row geocoded to named district or substation anchor with jitter for display,low-medium,"NEA Notice of Intent to Award Solar Projects, Nov 11 2024 corrected Nov 12 2024",nea-solar-loi-2024,2026-05-07,procurement-award-record,grid-connected-project-or-award-row,award-only-delivery-unknown,letter-of-intent-award,2024-11-12,not-established-by-source,source-reported-mw-ac-dc-unspecified,not-published-in-source,26.913999999999998,85.575,,"District/substation anchor, not parcel coordinate",display-anchor-only,official-procurement-notice,2024-11-12,2026-07-19,award-event-only,primary-procurement-record-checked,"NEA LoI establishes an award only; PPA, financing, construction and operation are not established."
nea-960mw-loi-30,nea_960mw_loi_30,Haripur solar award,nea-960mw-solar-tender,planned,loi-awarded,FALSE,10,10,5.47,,Sarlahi,,Haripur,,,,Asian Hydropower Ltd,IPP,"District/substation anchor, not parcel coordinate",NEA LoI row geocoded to named district or substation anchor with jitter for display,low-medium,"NEA Notice of Intent to Award Solar Projects, Nov 11 2024 corrected Nov 12 2024",nea-solar-loi-2024,2026-05-07,procurement-award-record,grid-connected-project-or-award-row,award-only-delivery-unknown,letter-of-intent-award,2024-11-12,not-established-by-source,source-reported-mw-ac-dc-unspecified,not-published-in-source,26.913999999999998,85.6,,"District/substation anchor, not parcel coordinate",display-anchor-only,official-procurement-notice,2024-11-12,2026-07-19,award-event-only,primary-procurement-record-checked,"NEA LoI establishes an award only; PPA, financing, construction and operation are not established."
nea-960mw-loi-31,nea_960mw_loi_31,Gandak solar award,nea-960mw-solar-tender,planned,loi-awarded,FALSE,25,25,5.49,,Nawalparasi,,Gandak,,,,Mountain-Dordi Consortium,IPP,"District/substation anchor, not parcel coordinate",NEA LoI row geocoded to named district or substation anchor with jitter for display,low-medium,"NEA Notice of Intent to Award Solar Projects, Nov 11 2024 corrected Nov 12 2024",nea-solar-loi-2024,2026-05-07,procurement-award-record,grid-connected-project-or-award-row,award-only-delivery-unknown,letter-of-intent-award,2024-11-12,not-established-by-source,source-reported-mw-ac-dc-unspecified,not-published-in-source,27.532,83.68,,"District/substation anchor, not parcel coordinate",display-anchor-only,official-procurement-notice,2024-11-12,2026-07-19,award-event-only,primary-procurement-record-checked,"NEA LoI establishes an award only; PPA, financing, construction and operation are not established."
nea-960mw-loi-32,nea_960mw_loi_32,Barju solar award,nea-960mw-solar-tender,planned,loi-awarded,FALSE,20,20,5.49,,Sunsari,,Barju,,,,Pashupati Energy Pvt. Ltd.,IPP,"District/substation anchor, not parcel coordinate",NEA LoI row geocoded to named district or substation anchor with jitter for display,low-medium,"NEA Notice of Intent to Award Solar Projects, Nov 11 2024 corrected Nov 12 2024",nea-solar-loi-2024,2026-05-07,procurement-award-record,grid-connected-project-or-award-row,award-only-delivery-unknown,letter-of-intent-award,2024-11-12,not-established-by-source,source-reported-mw-ac-dc-unspecified,not-published-in-source,26.631999999999998,87.13499999999999,,"District/substation anchor, not parcel coordinate",display-anchor-only,official-procurement-notice,2024-11-12,2026-07-19,award-event-only,primary-procurement-record-checked,"NEA LoI establishes an award only; PPA, financing, construction and operation are not established."
nea-960mw-loi-33,nea_960mw_loi_33,Markichowk solar award,nea-960mw-solar-tender,planned,loi-awarded,FALSE,20,20,5.49,,Tanahu,,Markichowk,,,,GEPPERT-RAPTI Consortium,IPP,"District/substation anchor, not parcel coordinate",NEA LoI row geocoded to named district or substation anchor with jitter for display,low-medium,"NEA Notice of Intent to Award Solar Projects, Nov 11 2024 corrected Nov 12 2024",nea-solar-loi-2024,2026-05-07,procurement-award-record,grid-connected-project-or-award-row,award-only-delivery-unknown,letter-of-intent-award,2024-11-12,not-established-by-source,source-reported-mw-ac-dc-unspecified,not-published-in-source,27.942,84.18,,"District/substation anchor, not parcel coordinate",display-anchor-only,official-procurement-notice,2024-11-12,2026-07-19,award-event-only,primary-procurement-record-checked,"NEA LoI establishes an award only; PPA, financing, construction and operation are not established."
nea-960mw-loi-34,nea_960mw_loi_34,Paudi solar award,nea-960mw-solar-tender,planned,loi-awarded,FALSE,20,20,5.49,,Gulmi,,Paudi,,,,GEPPERT-RAPTI Consortium,IPP,"District/substation anchor, not parcel coordinate",NEA LoI row geocoded to named district or substation anchor with jitter for display,low-medium,"NEA Notice of Intent to Award Solar Projects, Nov 11 2024 corrected Nov 12 2024",nea-solar-loi-2024,2026-05-07,procurement-award-record,grid-connected-project-or-award-row,award-only-delivery-unknown,letter-of-intent-award,2024-11-12,not-established-by-source,source-reported-mw-ac-dc-unspecified,not-published-in-source,28.061999999999998,83.275,,"District/substation anchor, not parcel coordinate",display-anchor-only,official-procurement-notice,2024-11-12,2026-07-19,award-event-only,primary-procurement-record-checked,"NEA LoI establishes an award only; PPA, financing, construction and operation are not established."
nea-960mw-loi-35,nea_960mw_loi_35,Sandikharka solar award,nea-960mw-solar-tender,planned,loi-awarded,FALSE,20,20,5.49,,Arghakhanchi,,Sandikharka,,,,GEPPERT-RAPTI Consortium,IPP,"District/substation anchor, not parcel coordinate",NEA LoI row geocoded to named district or substation anchor with jitter for display,low-medium,"NEA Notice of Intent to Award Solar Projects, Nov 11 2024 corrected Nov 12 2024",nea-solar-loi-2024,2026-05-07,procurement-award-record,grid-connected-project-or-award-row,award-only-delivery-unknown,letter-of-intent-award,2024-11-12,not-established-by-source,source-reported-mw-ac-dc-unspecified,not-published-in-source,27.912,83.17,,"District/substation anchor, not parcel coordinate",display-anchor-only,official-procurement-notice,2024-11-12,2026-07-19,award-event-only,primary-procurement-record-checked,"NEA LoI establishes an award only; PPA, financing, construction and operation are not established."
nea-960mw-loi-36,nea_960mw_loi_36,Burtibang solar award,nea-960mw-solar-tender,planned,loi-awarded,FALSE,20,20,5.49,,Baglung,,Burtibang,,,,Mountain-Dordi Consortium,IPP,"District/substation anchor, not parcel coordinate",NEA LoI row geocoded to named district or substation anchor with jitter for display,low-medium,"NEA Notice of Intent to Award Solar Projects, Nov 11 2024 corrected Nov 12 2024",nea-solar-loi-2024,2026-05-07,procurement-award-record,grid-connected-project-or-award-row,award-only-delivery-unknown,letter-of-intent-award,2024-11-12,not-established-by-source,source-reported-mw-ac-dc-unspecified,not-published-in-source,28.27,83.53,,"District/substation anchor, not parcel coordinate",display-anchor-only,official-procurement-notice,2024-11-12,2026-07-19,award-event-only,primary-procurement-record-checked,"NEA LoI establishes an award only; PPA, financing, construction and operation are not established."
nea-960mw-loi-37,nea_960mw_loi_37,Kushma solar award,nea-960mw-solar-tender,planned,loi-awarded,FALSE,20,20,5.49,,Parbat,,Kushma,,,,Mountain-Dordi Consortium,IPP,"District/substation anchor, not parcel coordinate",NEA LoI row geocoded to named district or substation anchor with jitter for display,low-medium,"NEA Notice of Intent to Award Solar Projects, Nov 11 2024 corrected Nov 12 2024",nea-solar-loi-2024,2026-05-07,procurement-award-record,grid-connected-project-or-award-row,award-only-delivery-unknown,letter-of-intent-award,2024-11-12,not-established-by-source,source-reported-mw-ac-dc-unspecified,not-published-in-source,28.22,83.655,,"District/substation anchor, not parcel coordinate",display-anchor-only,official-procurement-notice,2024-11-12,2026-07-19,award-event-only,primary-procurement-record-checked,"NEA LoI establishes an award only; PPA, financing, construction and operation are not established."
nea-960mw-loi-38,nea_960mw_loi_38,Sitalpati solar award,nea-960mw-solar-tender,planned,loi-awarded,FALSE,10,10,5.49,,Sankhuwasabha,,Sitalpati,,,,Himalayan Solar Power Pvt. Ltd.,IPP,"District/substation anchor, not parcel coordinate",NEA LoI row geocoded to named district or substation anchor with jitter for display,low-medium,"NEA Notice of Intent to Award Solar Projects, Nov 11 2024 corrected Nov 12 2024",nea-solar-loi-2024,2026-05-07,procurement-award-record,grid-connected-project-or-award-row,award-only-delivery-unknown,letter-of-intent-award,2024-11-12,not-established-by-source,source-reported-mw-ac-dc-unspecified,not-published-in-source,27.57,87.27,,"District/substation anchor, not parcel coordinate",display-anchor-only,official-procurement-notice,2024-11-12,2026-07-19,award-event-only,primary-procurement-record-checked,"NEA LoI establishes an award only; PPA, financing, construction and operation are not established."
nea-960mw-loi-39,nea_960mw_loi_39,Chanauta solar award,nea-960mw-solar-tender,planned,loi-awarded,FALSE,10,10,5.49,,Kapilvastu,,Chanauta,,,,GEPPERT-RAPTI Consortium,IPP,"District/substation anchor, not parcel coordinate",NEA LoI row geocoded to named district or substation anchor with jitter for display,low-medium,"NEA Notice of Intent to Award Solar Projects, Nov 11 2024 corrected Nov 12 2024",nea-solar-loi-2024,2026-05-07,procurement-award-record,grid-connected-project-or-award-row,award-only-delivery-unknown,letter-of-intent-award,2024-11-12,not-established-by-source,source-reported-mw-ac-dc-unspecified,not-published-in-source,27.62,82.92500000000001,,"District/substation anchor, not parcel coordinate",display-anchor-only,official-procurement-notice,2024-11-12,2026-07-19,award-event-only,primary-procurement-record-checked,"NEA LoI establishes an award only; PPA, financing, construction and operation are not established."
nea-960mw-loi-40,nea_960mw_loi_40,Gulariya solar award,nea-960mw-solar-tender,planned,loi-awarded,FALSE,10,10,5.49,,Bardiya,,Gulariya,,,,GEPPERT-RAPTI Consortium,IPP,"District/substation anchor, not parcel coordinate",NEA LoI row geocoded to named district or substation anchor with jitter for display,low-medium,"NEA Notice of Intent to Award Solar Projects, Nov 11 2024 corrected Nov 12 2024",nea-solar-loi-2024,2026-05-07,procurement-award-record,grid-connected-project-or-award-row,award-only-delivery-unknown,letter-of-intent-award,2024-11-12,not-established-by-source,source-reported-mw-ac-dc-unspecified,not-published-in-source,28.4,81.45,,"District/substation anchor, not parcel coordinate",display-anchor-only,official-procurement-notice,2024-11-12,2026-07-19,award-event-only,primary-procurement-record-checked,"NEA LoI establishes an award only; PPA, financing, construction and operation are not established."
nea-960mw-loi-41,nea_960mw_loi_41,Hapure solar award,nea-960mw-solar-tender,planned,loi-awarded,FALSE,10,10,5.49,,Dang,,Hapure,,,,GEPPERT-RAPTI Consortium,IPP,"District/substation anchor, not parcel coordinate",NEA LoI row geocoded to named district or substation anchor with jitter for display,low-medium,"NEA Notice of Intent to Award Solar Projects, Nov 11 2024 corrected Nov 12 2024",nea-solar-loi-2024,2026-05-07,procurement-award-record,grid-connected-project-or-award-row,award-only-delivery-unknown,letter-of-intent-award,2024-11-12,not-established-by-source,source-reported-mw-ac-dc-unspecified,not-published-in-source,28.048000000000002,82.37,,"District/substation anchor, not parcel coordinate",display-anchor-only,official-procurement-notice,2024-11-12,2026-07-19,award-event-only,primary-procurement-record-checked,"NEA LoI establishes an award only; PPA, financing, construction and operation are not established."
nea-960mw-loi-42,nea_960mw_loi_42,Machhagad solar award,nea-960mw-solar-tender,planned,loi-awarded,FALSE,10,10,5.49,,Bardiya,,Machhagad,,,,GEPPERT-RAPTI Consortium,IPP,"District/substation anchor, not parcel coordinate",NEA LoI row geocoded to named district or substation anchor with jitter for display,low-medium,"NEA Notice of Intent to Award Solar Projects, Nov 11 2024 corrected Nov 12 2024",nea-solar-loi-2024,2026-05-07,procurement-award-record,grid-connected-project-or-award-row,award-only-delivery-unknown,letter-of-intent-award,2024-11-12,not-established-by-source,source-reported-mw-ac-dc-unspecified,not-published-in-source,28.418,81.375,,"District/substation anchor, not parcel coordinate",display-anchor-only,official-procurement-notice,2024-11-12,2026-07-19,award-event-only,primary-procurement-record-checked,"NEA LoI establishes an award only; PPA, financing, construction and operation are not established."
nea-960mw-loi-43,nea_960mw_loi_43,New Nepalgunj solar award,nea-960mw-solar-tender,planned,loi-awarded,FALSE,10,10,5.49,,Banke,,New Nepalgunj,,,,GEPPERT-RAPTI Consortium,IPP,"District/substation anchor, not parcel coordinate",NEA LoI row geocoded to named district or substation anchor with jitter for display,low-medium,"NEA Notice of Intent to Award Solar Projects, Nov 11 2024 corrected Nov 12 2024",nea-solar-loi-2024,2026-05-07,procurement-award-record,grid-connected-project-or-award-row,award-only-delivery-unknown,letter-of-intent-award,2024-11-12,not-established-by-source,source-reported-mw-ac-dc-unspecified,not-published-in-source,28.068,81.62,,"District/substation anchor, not parcel coordinate",display-anchor-only,official-procurement-notice,2024-11-12,2026-07-19,award-event-only,primary-procurement-record-checked,"NEA LoI establishes an award only; PPA, financing, construction and operation are not established."
nea-960mw-loi-44,nea_960mw_loi_44,Taulihawa solar award,nea-960mw-solar-tender,planned,loi-awarded,FALSE,10,10,5.49,,Kapilvastu,,Taulihawa,,,,GEPPERT-RAPTI Consortium,IPP,"District/substation anchor, not parcel coordinate",NEA LoI row geocoded to named district or substation anchor with jitter for display,low-medium,"NEA Notice of Intent to Award Solar Projects, Nov 11 2024 corrected Nov 12 2024",nea-solar-loi-2024,2026-05-07,procurement-award-record,grid-connected-project-or-award-row,award-only-delivery-unknown,letter-of-intent-award,2024-11-12,not-established-by-source,source-reported-mw-ac-dc-unspecified,not-published-in-source,27.638,82.92500000000001,,"District/substation anchor, not parcel coordinate",display-anchor-only,official-procurement-notice,2024-11-12,2026-07-19,award-event-only,primary-procurement-record-checked,"NEA LoI establishes an award only; PPA, financing, construction and operation are not established."
nea-960mw-loi-45,nea_960mw_loi_45,Gorusinge solar award,nea-960mw-solar-tender,planned,loi-awarded,FALSE,10,10,5.49,,Kapilvastu,,Gorusinge,,,,Mountain-Dordi Consortium,IPP,"District/substation anchor, not parcel coordinate",NEA LoI row geocoded to named district or substation anchor with jitter for display,low-medium,"NEA Notice of Intent to Award Solar Projects, Nov 11 2024 corrected Nov 12 2024",nea-solar-loi-2024,2026-05-07,procurement-award-record,grid-connected-project-or-award-row,award-only-delivery-unknown,letter-of-intent-award,2024-11-12,not-established-by-source,source-reported-mw-ac-dc-unspecified,not-published-in-source,27.638,82.95,,"District/substation anchor, not parcel coordinate",display-anchor-only,official-procurement-notice,2024-11-12,2026-07-19,award-event-only,primary-procurement-record-checked,"NEA LoI establishes an award only; PPA, financing, construction and operation are not established."
nea-960mw-loi-46,nea_960mw_loi_46,Krishnanagar solar award,nea-960mw-solar-tender,planned,loi-awarded,FALSE,10,10,5.49,,Kapilvastu,,Krishnanagar,,,,Mountain-Dordi Consortium,IPP,"District/substation anchor, not parcel coordinate",NEA LoI row geocoded to named district or substation anchor with jitter for display,low-medium,"NEA Notice of Intent to Award Solar Projects, Nov 11 2024 corrected Nov 12 2024",nea-solar-loi-2024,2026-05-07,procurement-award-record,grid-connected-project-or-award-row,award-only-delivery-unknown,letter-of-intent-award,2024-11-12,not-established-by-source,source-reported-mw-ac-dc-unspecified,not-published-in-source,27.656000000000002,82.85000000000001,,"District/substation anchor, not parcel coordinate",display-anchor-only,official-procurement-notice,2024-11-12,2026-07-19,award-event-only,primary-procurement-record-checked,"NEA LoI establishes an award only; PPA, financing, construction and operation are not established."
nea-960mw-loi-47,nea_960mw_loi_47,Kusum solar award,nea-960mw-solar-tender,planned,loi-awarded,FALSE,10,10,5.49,,Banke,,Kusum,,,,Mountain-Dordi Consortium,IPP,"District/substation anchor, not parcel coordinate",NEA LoI row geocoded to named district or substation anchor with jitter for display,low-medium,"NEA Notice of Intent to Award Solar Projects, Nov 11 2024 corrected Nov 12 2024",nea-solar-loi-2024,2026-05-07,procurement-award-record,grid-connected-project-or-award-row,award-only-delivery-unknown,letter-of-intent-award,2024-11-12,not-established-by-source,source-reported-mw-ac-dc-unspecified,not-published-in-source,28.086000000000002,81.595,,"District/substation anchor, not parcel coordinate",display-anchor-only,official-procurement-notice,2024-11-12,2026-07-19,award-event-only,primary-procurement-record-checked,"NEA LoI establishes an award only; PPA, financing, construction and operation are not established."
nea-960mw-loi-48,nea_960mw_loi_48,Mainapokhar solar award,nea-960mw-solar-tender,planned,loi-awarded,FALSE,10,10,5.49,,Bardiya,,Mainapokhar,,,,Mountain-Dordi Consortium,IPP,"District/substation anchor, not parcel coordinate",NEA LoI row geocoded to named district or substation anchor with jitter for display,low-medium,"NEA Notice of Intent to Award Solar Projects, Nov 11 2024 corrected Nov 12 2024",nea-solar-loi-2024,2026-05-07,procurement-award-record,grid-connected-project-or-award-row,award-only-delivery-unknown,letter-of-intent-award,2024-11-12,not-established-by-source,source-reported-mw-ac-dc-unspecified,not-published-in-source,28.436,81.4,,"District/substation anchor, not parcel coordinate",display-anchor-only,official-procurement-notice,2024-11-12,2026-07-19,award-event-only,primary-procurement-record-checked,"NEA LoI establishes an award only; PPA, financing, construction and operation are not established."
nea-960mw-loi-49,nea_960mw_loi_49,Maharajgunj solar award,nea-960mw-solar-tender,planned,loi-awarded,FALSE,5,5,5.49,,Kapilvastu,,Maharajgunj,,,,GEPPERT-RAPTI Consortium,IPP,"District/substation anchor, not parcel coordinate",NEA LoI row geocoded to named district or substation anchor with jitter for display,low-medium,"NEA Notice of Intent to Award Solar Projects, Nov 11 2024 corrected Nov 12 2024",nea-solar-loi-2024,2026-05-07,procurement-award-record,grid-connected-project-or-award-row,award-only-delivery-unknown,letter-of-intent-award,2024-11-12,not-established-by-source,source-reported-mw-ac-dc-unspecified,not-published-in-source,27.656000000000002,82.92500000000001,,"District/substation anchor, not parcel coordinate",display-anchor-only,official-procurement-notice,2024-11-12,2026-07-19,award-event-only,primary-procurement-record-checked,"NEA LoI establishes an award only; PPA, financing, construction and operation are not established."
nea-960mw-loi-50,nea_960mw_loi_50,Mainahiya solar award,nea-960mw-solar-tender,planned,loi-awarded,FALSE,40,40,5.5,,Rupandehi,,Mainahiya,,,,Solar Farm Ltd.,IPP,"District/substation anchor, not parcel coordinate",NEA LoI row geocoded to named district or substation anchor with jitter for display,low-medium,"NEA Notice of Intent to Award Solar Projects, Nov 11 2024 corrected Nov 12 2024",nea-solar-loi-2024,2026-05-07,procurement-award-record,grid-connected-project-or-award-row,award-only-delivery-unknown,letter-of-intent-award,2024-11-12,not-established-by-source,source-reported-mw-ac-dc-unspecified,not-published-in-source,27.636000000000003,83.5,,"District/substation anchor, not parcel coordinate",display-anchor-only,official-procurement-notice,2024-11-12,2026-07-19,award-event-only,primary-procurement-record-checked,"NEA LoI establishes an award only; PPA, financing, construction and operation are not established."
nea-960mw-loi-51,nea_960mw_loi_51,Motipur solar award,nea-960mw-solar-tender,planned,loi-awarded,FALSE,30,30,5.5,,Kapilvastu,,Motipur,,,,Solar Farm Ltd.,IPP,"District/substation anchor, not parcel coordinate",NEA LoI row geocoded to named district or substation anchor with jitter for display,low-medium,"NEA Notice of Intent to Award Solar Projects, Nov 11 2024 corrected Nov 12 2024",nea-solar-loi-2024,2026-05-07,procurement-award-record,grid-connected-project-or-award-row,award-only-delivery-unknown,letter-of-intent-award,2024-11-12,not-established-by-source,source-reported-mw-ac-dc-unspecified,not-published-in-source,27.584,82.85000000000001,,"District/substation anchor, not parcel coordinate",display-anchor-only,official-procurement-notice,2024-11-12,2026-07-19,award-event-only,primary-procurement-record-checked,"NEA LoI establishes an award only; PPA, financing, construction and operation are not established."
nea-960mw-loi-52,nea_960mw_loi_52,Motipur solar award Block 2,nea-960mw-solar-tender,planned,loi-awarded,FALSE,20,20,5.5,,Kapilvastu,,Motipur,,,,Solar Farm Ltd.,IPP,"District/substation anchor, not parcel coordinate",NEA LoI row geocoded to named district or substation anchor with jitter for display,low-medium,"NEA Notice of Intent to Award Solar Projects, Nov 11 2024 corrected Nov 12 2024",nea-solar-loi-2024,2026-05-07,procurement-award-record,grid-connected-project-or-award-row,award-only-delivery-unknown,letter-of-intent-award,2024-11-12,not-established-by-source,source-reported-mw-ac-dc-unspecified,not-published-in-source,26.613999999999997,87.13499999999999,,"District/substation anchor, not parcel coordinate",display-anchor-only,official-procurement-notice,2024-11-12,2026-07-19,award-event-only,primary-procurement-record-checked,"NEA LoI establishes an award only; PPA, financing, construction and operation are not established."
nea-960mw-loi-53,nea_960mw_loi_53,Barju solar award,nea-960mw-solar-tender,planned,loi-awarded,FALSE,25,25,5.51,,Sunsari,,Barju,,,,Anand Solar Pvt. Ltd.,IPP,"District/substation anchor, not parcel coordinate",NEA LoI row geocoded to named district or substation anchor with jitter for display,low-medium,"NEA Notice of Intent to Award Solar Projects, Nov 11 2024 corrected Nov 12 2024",nea-solar-loi-2024,2026-05-07,procurement-award-record,grid-connected-project-or-award-row,award-only-delivery-unknown,letter-of-intent-award,2024-11-12,not-established-by-source,source-reported-mw-ac-dc-unspecified,not-published-in-source,27.644,84.05,,"District/substation anchor, not parcel coordinate",display-anchor-only,official-procurement-notice,2024-11-12,2026-07-19,award-event-only,primary-procurement-record-checked,"NEA LoI establishes an award only; PPA, financing, construction and operation are not established."
nea-960mw-loi-54,nea_960mw_loi_54,Mukundapur solar award,nea-960mw-solar-tender,planned,loi-awarded,FALSE,10,10,5.51,,Nawalpur,,Mukundapur,,,,Kalika Sun Light Power Pvt Ltd.,IPP,"District/substation anchor, not parcel coordinate",NEA LoI row geocoded to named district or substation anchor with jitter for display,low-medium,"NEA Notice of Intent to Award Solar Projects, Nov 11 2024 corrected Nov 12 2024",nea-solar-loi-2024,2026-05-07,procurement-award-record,grid-connected-project-or-award-row,award-only-delivery-unknown,letter-of-intent-award,2024-11-12,not-established-by-source,source-reported-mw-ac-dc-unspecified,not-published-in-source,28.014,81.64500000000001,,"District/substation anchor, not parcel coordinate",display-anchor-only,official-procurement-notice,2024-11-12,2026-07-19,award-event-only,primary-procurement-record-checked,"NEA LoI establishes an award only; PPA, financing, construction and operation are not established."
nea-960mw-loi-55,nea_960mw_loi_55,New Nepalgunj solar award,nea-960mw-solar-tender,planned,loi-awarded,FALSE,5,5,5.51,,Banke,,New Nepalgunj,,,,Kalika Sun Power Pvt. Ltd.,IPP,"District/substation anchor, not parcel coordinate",NEA LoI row geocoded to named district or substation anchor with jitter for display,low-medium,"NEA Notice of Intent to Award Solar Projects, Nov 11 2024 corrected Nov 12 2024",nea-solar-loi-2024,2026-05-07,procurement-award-record,grid-connected-project-or-award-row,award-only-delivery-unknown,letter-of-intent-award,2024-11-12,not-established-by-source,source-reported-mw-ac-dc-unspecified,not-published-in-source,27.514,83.78,,"District/substation anchor, not parcel coordinate",display-anchor-only,official-procurement-notice,2024-11-12,2026-07-19,award-event-only,primary-procurement-record-checked,"NEA LoI establishes an award only; PPA, financing, construction and operation are not established."
nea-960mw-loi-56,nea_960mw_loi_56,Parasi solar award,nea-960mw-solar-tender,planned,loi-awarded,FALSE,15,15,5.51,,Nawalparasi,,Parasi,,,,Golyan Power - Pure Energy JV,IPP,"District/substation anchor, not parcel coordinate",NEA LoI row geocoded to named district or substation anchor with jitter for display,low-medium,"NEA Notice of Intent to Award Solar Projects, Nov 11 2024 corrected Nov 12 2024",nea-solar-loi-2024,2026-05-07,procurement-award-record,grid-connected-project-or-award-row,award-only-delivery-unknown,letter-of-intent-award,2024-11-12,not-established-by-source,source-reported-mw-ac-dc-unspecified,not-published-in-source,26.532,87.8,,"District/substation anchor, not parcel coordinate",display-anchor-only,official-procurement-notice,2024-11-12,2026-07-19,award-event-only,primary-procurement-record-checked,"NEA LoI establishes an award only; PPA, financing, construction and operation are not established."
nea-960mw-loi-57,nea_960mw_loi_57,Baniyani solar award,nea-960mw-solar-tender,planned,loi-awarded,FALSE,9.5,9.5,5.52,,Jhapa,,Baniyani,,,,Eco sun power development Pvt. Ltd.,IPP,"District/substation anchor, not parcel coordinate",NEA LoI row geocoded to named district or substation anchor with jitter for display,low-medium,"NEA Notice of Intent to Award Solar Projects, Nov 11 2024 corrected Nov 12 2024",nea-solar-loi-2024,2026-05-07,procurement-award-record,grid-connected-project-or-award-row,award-only-delivery-unknown,letter-of-intent-award,2024-11-12,not-established-by-source,source-reported-mw-ac-dc-unspecified,not-published-in-source,28.822,80.225,,"District/substation anchor, not parcel coordinate",display-anchor-only,official-procurement-notice,2024-11-12,2026-07-19,award-event-only,primary-procurement-record-checked,"NEA LoI establishes an award only; PPA, financing, construction and operation are not established."
nea-960mw-loi-58,nea_960mw_loi_58,Belauri solar award,nea-960mw-solar-tender,planned,loi-awarded,FALSE,9,9,5.52,,Kanchanpur,,Belauri,,,,Eco sun power development Pvt. Ltd.,IPP,"District/substation anchor, not parcel coordinate",NEA LoI row geocoded to named district or substation anchor with jitter for display,low-medium,"NEA Notice of Intent to Award Solar Projects, Nov 11 2024 corrected Nov 12 2024",nea-solar-loi-2024,2026-05-07,procurement-award-record,grid-connected-project-or-award-row,award-only-delivery-unknown,letter-of-intent-award,2024-11-12,not-established-by-source,source-reported-mw-ac-dc-unspecified,not-published-in-source,26.532,87.85,,"District/substation anchor, not parcel coordinate",display-anchor-only,official-procurement-notice,2024-11-12,2026-07-19,award-event-only,primary-procurement-record-checked,"NEA LoI establishes an award only; PPA, financing, construction and operation are not established."
nea-960mw-loi-59,nea_960mw_loi_59,Dhulabari solar award,nea-960mw-solar-tender,planned,loi-awarded,FALSE,9.5,9.5,5.52,,Jhapa,,Dhulabari,,,,Eco sun power development Pvt. Ltd.,IPP,"District/substation anchor, not parcel coordinate",NEA LoI row geocoded to named district or substation anchor with jitter for display,low-medium,"NEA Notice of Intent to Award Solar Projects, Nov 11 2024 corrected Nov 12 2024",nea-solar-loi-2024,2026-05-07,procurement-award-record,grid-connected-project-or-award-row,award-only-delivery-unknown,letter-of-intent-award,2024-11-12,not-established-by-source,source-reported-mw-ac-dc-unspecified,not-published-in-source,26.732,86.375,,"District/substation anchor, not parcel coordinate",display-anchor-only,official-procurement-notice,2024-11-12,2026-07-19,award-event-only,primary-procurement-record-checked,"NEA LoI establishes an award only; PPA, financing, construction and operation are not established."
nea-960mw-loi-60,nea_960mw_loi_60,Lahan solar award,nea-960mw-solar-tender,planned,loi-awarded,FALSE,10,10,5.52,,Siraha,,Lahan,,,,Eco sun power development Pvt. Ltd.,IPP,"District/substation anchor, not parcel coordinate",NEA LoI row geocoded to named district or substation anchor with jitter for display,low-medium,"NEA Notice of Intent to Award Solar Projects, Nov 11 2024 corrected Nov 12 2024",nea-solar-loi-2024,2026-05-07,procurement-award-record,grid-connected-project-or-award-row,award-only-delivery-unknown,letter-of-intent-award,2024-11-12,not-established-by-source,source-reported-mw-ac-dc-unspecified,not-published-in-source,26.932,85.39999999999999,,"District/substation anchor, not parcel coordinate",display-anchor-only,official-procurement-notice,2024-11-12,2026-07-19,award-event-only,primary-procurement-record-checked,"NEA LoI establishes an award only; PPA, financing, construction and operation are not established."
nea-960mw-loi-61,nea_960mw_loi_61,Chandrapur solar award,nea-960mw-solar-tender,planned,loi-awarded,FALSE,10,10,5.53,,Rautahat,,Chandrapur,,,,Baidehi Energy Pvt. Ltd.,IPP,"District/substation anchor, not parcel coordinate",NEA LoI row geocoded to named district or substation anchor with jitter for display,low-medium,"NEA Notice of Intent to Award Solar Projects, Nov 11 2024 corrected Nov 12 2024",nea-solar-loi-2024,2026-05-07,procurement-award-record,grid-connected-project-or-award-row,award-only-delivery-unknown,letter-of-intent-award,2024-11-12,not-established-by-source,source-reported-mw-ac-dc-unspecified,not-published-in-source,26.98,85.83,,"District/substation anchor, not parcel coordinate",display-anchor-only,official-procurement-notice,2024-11-12,2026-07-19,award-event-only,primary-procurement-record-checked,"NEA LoI establishes an award only; PPA, financing, construction and operation are not established."
nea-960mw-loi-62,nea_960mw_loi_62,Loharpatti solar award,nea-960mw-solar-tender,planned,loi-awarded,FALSE,20,20,5.54,,Mahottari,,Loharpatti,,,,Kantipur Energy Investment and Construction Pvt Ltd,IPP,"District/substation anchor, not parcel coordinate",NEA LoI row geocoded to named district or substation anchor with jitter for display,low-medium,"NEA Notice of Intent to Award Solar Projects, Nov 11 2024 corrected Nov 12 2024",nea-solar-loi-2024,2026-05-07,procurement-award-record,grid-connected-project-or-award-row,award-only-delivery-unknown,letter-of-intent-award,2024-11-12,not-established-by-source,source-reported-mw-ac-dc-unspecified,not-published-in-source,27.1,85.02499999999999,,"District/substation anchor, not parcel coordinate",display-anchor-only,official-procurement-notice,2024-11-12,2026-07-19,award-event-only,primary-procurement-record-checked,"NEA LoI establishes an award only; PPA, financing, construction and operation are not established."
nea-960mw-loi-63,nea_960mw_loi_63,Simaraungadh solar award,nea-960mw-solar-tender,planned,loi-awarded,FALSE,8,8,5.54,,Bara,,Simaraungadh,,,,Methi Solar JV,IPP,"District/substation anchor, not parcel coordinate",NEA LoI row geocoded to named district or substation anchor with jitter for display,low-medium,"NEA Notice of Intent to Award Solar Projects, Nov 11 2024 corrected Nov 12 2024",nea-solar-loi-2024,2026-05-07,procurement-award-record,grid-connected-project-or-award-row,award-only-delivery-unknown,letter-of-intent-award,2024-11-12,not-established-by-source,source-reported-mw-ac-dc-unspecified,not-published-in-source,27.57,87.27,,"District/substation anchor, not parcel coordinate",display-anchor-only,official-procurement-notice,2024-11-12,2026-07-19,award-event-only,primary-procurement-record-checked,"NEA LoI establishes an award only; PPA, financing, construction and operation are not established."
